"","patient","Tumor.Type","Included_in_previous_marker_papers","vital_status","days_to_birth","days_to_death","days_to_last_followup","age_at_initial_pathologic_diagnosis","pathologic_stage","Tumor_Grade","BRCA_Pathology","BRCA_Subtype_PAM50","MSI_status","HPV_Status","tobacco_smoking_history","CNV Clusters","Mutation Clusters","DNA.Methylation Clusters","mRNA Clusters","miRNA Clusters","lncRNA Clusters","Protein Clusters","PARADIGM Clusters","Pan-Gyn Clusters"
"1","TCGA-3C-AALI","BRCA","NO","Alive","-18538","NA","4005",50,"Stage_II","NA","NA","Her2","NA","NA","NA","C6","C9","C2","C2","C3","NA","C2","C4","C4"
"2","TCGA-3C-AALJ","BRCA","NO","Alive","-22848","NA","1474",62,"Stage_II","NA","NA","LumB","NA","NA","NA","C6","C4","C2","C2","C2","NA","NA","C4","NA"
"3","TCGA-3C-AALK","BRCA","NO","Alive","-19074","NA","1448",52,"Stage_I","NA","NA","LumA","NA","NA","NA","C1","C5","C2","C2","C2","NA","C2","C6","C4"
"4","TCGA-A1-A0SD","BRCA","YES","Alive","-21793","NA","437",59,"Stage_II","NA","IDC","LumA","NA","NA","NA","C4","C4","C1","C1","C3","NA","NA","C6","NA"
"5","TCGA-A1-A0SF","BRCA","YES","Alive","-19731","NA","1463",54,"Stage_II","NA","IDC","LumA","NA","NA","NA","C5","C4","C1","C1","C3","C2","C1","C6","C1"
"6","TCGA-A1-A0SH","BRCA","YES","Alive","-14595","NA","1437",39,"Stage_II","NA","Mixed","LumA","NA","NA","NA","C6","C9","C1","C1","C3","C4","C1","C5","C2"
"7","TCGA-A1-A0SI","BRCA","YES","Alive","-19250","NA","635",52,"Stage_II","NA","IDC","LumB","NA","NA","NA","C1","C9","C1","C1","C3","NA","NA","C6","NA"
"8","TCGA-A1-A0SJ","BRCA","YES","Alive","-14383","NA","416",39,"Stage_III","NA","IDC","LumA","NA","NA","NA","C6","C4","C1","C1","C3","C1","C1","C5","C5"
"9","TCGA-A1-A0SN","BRCA","YES","Alive","-18401","NA","1196",50,"Stage_II","NA","IDC","LumB","NA","NA","NA","C6","C4","C2","C1","C3","NA","NA","C4","NA"
"10","TCGA-A1-A0SO","BRCA","YES","Alive","-24826","NA","852",67,"Stage_II","NA","NA","Basal","NA","NA","NA","C4","C1","C4","C4","C7","C3","C5","C2","C4"
"11","TCGA-A1-A0SQ","BRCA","YES","Alive","-16458","NA","554",45,"Stage_II","NA","IDC","LumA","NA","NA","NA","C1","C4","C1","C1","C3","C1","C1","C5","C1"
"12","TCGA-A2-A04R","BRCA","YES","Alive","-13483","NA","3709",36,"Stage_I","NA","IDC","LumB","NA","NA","NA","C6","C1","C1","C1","C3","NA","NA","C5","NA"
"13","TCGA-A2-A04U","BRCA","YES","Alive","-17474","NA","2654",47,"Stage_II","NA","IDC","Basal","NA","NA","NA","C6","C1","C4","C4","C7","C2","C5","C2","C5"
"14","TCGA-A2-A04V","BRCA","YES","Dead","-14250","1920","NA",39,"Stage_II","NA","IDC","LumA","NA","NA","NA","C5","C4","C1","C1","C3","C2","C1","C5","C5"
"15","TCGA-A2-A0CL","BRCA","YES","Alive","-13556","NA","3015",37,"Stage_III","NA","IDC","Normal","NA","NA","NA","C4","C9","C1","C2","C3","C1","C1","C6","C3"
"16","TCGA-A2-A0CM","BRCA","YES","Dead","-14969","754","NA",40,"Stage_II","NA","IDC","Basal","NA","NA","NA","C4","C9","C2","C4","C7","C3","C5","C4","C3"
"17","TCGA-A2-A0CP","BRCA","YES","Alive","-22133","NA","2813",60,"Stage_I","NA","IDC","LumA","NA","NA","NA","C5","C4","C1","C2","C2","C2","C2","C8","C2"
"18","TCGA-A2-A0CQ","BRCA","YES","Alive","-22810","NA","2695",62,"Stage_I","NA","IDC","LumA","NA","NA","NA","C1","C4","C1","C2","C3","C2","C1","C8","C1"
"19","TCGA-A2-A0CS","BRCA","YES","Dead","-26817","2348","2298",73,"Stage_IV","NA","IDC","LumA","NA","NA","NA","C1","C3","C1","C1","C3","C2","C1","C5","C1"
"20","TCGA-A2-A0CT","BRCA","YES","Alive","-25959","NA","2289",71,"Stage_II","NA","Mixed","LumA","NA","NA","NA","C6","C1","C2","C1","C3","C2","C1","C5","C5"
"21","TCGA-A2-A0CU","BRCA","YES","Dead","-26823","158","NA",73,"Stage_II","NA","IDC","LumA","NA","NA","NA","C6","C4","C1","C1","C3","C2","C1","C5","C5"
"22","TCGA-A2-A0CV","BRCA","YES","Alive","-15289","NA","3011",41,"Stage_II","NA","IDC","LumA","NA","NA","NA","C5","C4","C1","C2","C3","C2","C1","C6","C1"
"23","TCGA-A2-A0CW","BRCA","YES","Alive","-24541","NA","3283",67,"Stage_II","NA","IDC","LumB","NA","NA","NA","C6","C4","C1","C1","C2","C1","C1","C4","C5"
"24","TCGA-A2-A0CX","BRCA","YES","Alive","-19152","NA","1728",52,"Stage_II","NA","IDC","Her2","NA","NA","NA","C6","C9","C2","C2","NA","C1","C1","C4","C4"
"25","TCGA-A2-A0CY","BRCA","YES","Alive","-23229","NA","1673",63,"Stage_II","NA","IDC","LumB","NA","NA","NA","NA","NA","C1","C8","C7","NA","C1","NA","C4"
"26","TCGA-A2-A0CZ","BRCA","YES","Alive","-17026","NA","1616",46,"Stage_II","NA","IDC","Normal","NA","NA","NA","NA","C7","C1","C2","C2","C2","C2","NA","C2"
"27","TCGA-A2-A0D0","BRCA","YES","Alive","-22115","NA","2048",60,"Stage_II","NA","IDC","Basal","NA","NA","NA","C4","C4","C4","C4","C7","C2","C5","C4","C4"
"28","TCGA-A2-A0D1","BRCA","YES","Alive","-28084","NA","1051",76,"Stage_II","NA","NA","Her2","NA","NA","NA","C6","C4","C1","C2","C5","C1","C1","C5","C4"
"29","TCGA-A2-A0D2","BRCA","YES","Alive","-16623","NA","1027",45,"Stage_II","NA","IDC","Basal","NA","NA","NA","C4","C1","C3","C4","C7","C3","C5","C4","C3"
"30","TCGA-A2-A0D3","BRCA","YES","Alive","-15524","NA","1873",42,"Stage_I","NA","IDC","LumA","NA","NA","NA","C1","C4","C1","C1","C3","C2","C1","C5","C1"
"31","TCGA-A2-A0D4","BRCA","YES","Alive","-13805","NA","767",37,"Stage_II","NA","IDC","LumB","NA","NA","NA","C6","C2","C2","C1","C3","C3","C1","C5","C5"
"32","TCGA-A2-A0EM","BRCA","YES","Alive","-26845","NA","3094",73,"Stage_I","NA","Other","LumA","NA","NA","NA","C1","C4","C1","C1","C3","NA","NA","C5","NA"
"33","TCGA-A2-A0EO","BRCA","YES","Alive","-19880","NA","2442",54,"Stage_I","NA","IDC","LumA","NA","NA","NA","C6","C1","C1","C1","C3","C3","C1","C6","C1"
"34","TCGA-A2-A0EQ","BRCA","YES","Alive","-23543","NA","2426",64,"Stage_II","NA","IDC","Her2","NA","NA","NA","C4","C9","C1","C2","C7","C2","C1","C4","C3"
"35","TCGA-A2-A0ER","BRCA","YES","Alive","-23021","NA","2263",63,"Stage_I","NA","Other","LumA","NA","NA","NA","C5","C4","C1","C1","C3","C3","C2","C5","C1"
"36","TCGA-A2-A0ET","BRCA","YES","Alive","-21464","NA","1066",58,"Stage_III","NA","IDC","LumA","NA","NA","NA","C6","C4","C1","C1","C3","NA","NA","C5","NA"
"37","TCGA-A2-A0EU","BRCA","YES","Alive","-29144","NA","1043",79,"Stage_I","NA","IDC","LumA","NA","NA","NA","C6","C7","C1","C1","C3","C2","C2","C5","C1"
"38","TCGA-A2-A0EV","BRCA","YES","Alive","-29285","NA","968",80,"Stage_I","NA","IDC","LumA","NA","NA","NA","C6","C4","C1","C1","C2","C1","C2","C4","C3"
"39","TCGA-A2-A0EY","BRCA","YES","Alive","-22872","NA","1925",62,"Stage_II","NA","IDC","LumB","NA","NA","NA","C4","C9","C1","C1","C7","C1","C1","C4","C3"
"40","TCGA-A2-A0ST","BRCA","YES","Alive","-22922","NA","3017",62,"Stage_II","NA","IDC","Basal","NA","NA","NA","NA","C4","C3","C4","C7","C2","C5","C4","C3"
"41","TCGA-A2-A0SU","BRCA","YES","Alive","-24219","NA","1662",66,"Stage_II","NA","IDC","LumA","NA","NA","NA","C3","C4","C1","C2","C3","C2","C1","C5","C1"
"42","TCGA-A2-A0SV","BRCA","YES","Dead","-23126","825","NA",63,"Stage_IV","NA","IDC","LumB","NA","NA","NA","C6","C4","C1","C1","C3","C2","C1","C4","C1"
"43","TCGA-A2-A0SW","BRCA","YES","Dead","-30085","1365","NA",82,"Stage_IV","NA","IDC","LumB","NA","NA","NA","C6","C2","C2","C2","C3","C1","C1","C4","C3"
"44","TCGA-A2-A0SX","BRCA","YES","Alive","-17774","NA","1534",48,"Stage_I","NA","IDC","Basal","NA","NA","NA","C4","C4","C4","C4","C7","C4","C5","C4","C3"
"45","TCGA-A2-A0T0","BRCA","YES","Alive","-21575","NA","533",59,"Stage_II","NA","IDC","Basal","NA","NA","NA","C4","C1","C4","C4","C7","C2","C5","C2","C4"
"46","TCGA-A2-A0T2","BRCA","YES","Dead","-24235","255","NA",66,"Stage_IV","NA","IDC","Basal","NA","NA","NA","C5","C4","C4","C4","C7","C4","C5","C2","C4"
"47","TCGA-A2-A0T3","BRCA","YES","Alive","-13680","NA","1516",37,"Stage_I","NA","Mixed","LumB","NA","NA","NA","C6","C7","C2","C1","C3","C1","C2","C5","C4"
"48","TCGA-A2-A0T5","BRCA","YES","Alive","-14503","NA","531",39,"Stage_II","NA","IDC","LumA","NA","NA","NA","C5","C3","C1","C1","C3","C2","C1","C5","C1"
"49","TCGA-A2-A0T7","BRCA","YES","Alive","-18756","NA","631",51,"Stage_II","NA","IDC","LumA","NA","NA","NA","C4","C4","C1","C2","C3","C2","C1","C6","C5"
"50","TCGA-A2-A0YC","BRCA","YES","Alive","-21685","NA","990",59,"Stage_II","NA","IDC","LumA","NA","NA","NA","C1","C4","C1","C1","C3","C1","C2","C5","C1"
"51","TCGA-A2-A0YE","BRCA","YES","Alive","-17727","NA","554",48,"Stage_II","NA","IDC","Basal","NA","NA","NA","C4","C4","C4","C4","NA","C4","C5","C2","C4"
"52","TCGA-A2-A0YF","BRCA","YES","Alive","-24660","NA","1535",67,"Stage_I","NA","IDC","LumA","NA","NA","NA","C1","C4","C1","C1","C3","C2","C2","C5","C1"
"53","TCGA-A2-A0YG","BRCA","YES","Alive","-23058","NA","666",63,"Stage_III","NA","IDC","LumB","NA","NA","NA","C4","C4","C2","C1","C3","C1","C1","C5","C4"
"54","TCGA-A2-A0YH","BRCA","YES","Alive","-19596","NA","659",53,"Stage_III","NA","IDC","LumB","NA","NA","NA","C4","C9","C1","C1","C3","C2","C1","C4","C3"
"55","TCGA-A2-A0YJ","BRCA","YES","Alive","-14448","NA","566",39,"Stage_III","NA","IDC","Basal","NA","NA","NA","C4","C1","C4","C4","NA","C3","C5","C2","C4"
"56","TCGA-A2-A0YM","BRCA","YES","Alive","-24831","NA","965",67,"Stage_II","NA","IDC","Basal","NA","NA","NA","C4","C1","C2","C4","C7","C3","C5","C4","C4"
"57","TCGA-A2-A0YT","BRCA","YES","Dead","-20482","723","NA",56,"Stage_III","NA","IDC","LumB","NA","NA","NA","C6","C1","C2","C1","C3","C1","C1","C5","C3"
"58","TCGA-A2-A1FW","BRCA","YES","Alive","-22779","NA","528",62,"Stage_III","NA","Other","LumB","NA","NA","NA","C4","C3","C2","C1","C3","C2","C1","C5","C5"
"59","TCGA-A2-A1FX","BRCA","YES","Alive","-22344","NA","1847",61,"Stage_III","NA","Other","LumB","NA","NA","NA","C6","C1","C1","C1","C2","C3","C1","C5","C1"
"60","TCGA-A2-A1FZ","BRCA","YES","Alive","-23055","NA","683",63,"Stage_II","NA","IDC","LumA","NA","NA","NA","C3","C4","C1","C1","C3","C6","C2","C6","C1"
"61","TCGA-A2-A1G0","BRCA","YES","Alive","-18002","NA","616",49,"Stage_II","NA","IDC","LumA","NA","NA","NA","C4","C3","C1","C2","C3","C2","C1","C6","C1"
"62","TCGA-A2-A1G1","BRCA","YES","Alive","-31223","NA","584",85,"Stage_II","NA","IDC","Basal","NA","NA","NA","C4","C4","C4","C2","C7","C1","C2","C4","C3"
"63","TCGA-A2-A1G4","BRCA","YES","Alive","-25966","NA","595",71,"Stage_III","NA","IDC","LumB","NA","NA","NA","C5","C3","C1","C1","C3","C2","C1","C5","C1"
"64","TCGA-A2-A1G6","BRCA","YES","Alive","-18514","NA","501",50,"Stage_III","NA","IDC","Normal","NA","NA","NA","NA","C4","C3","C2","C3","C2","C2","C6","C2"
"65","TCGA-A2-A259","BRCA","YES","Alive","-25666","NA","1596",70,"Stage_I","NA","IDC","LumA","NA","NA","NA","C5","C4","C1","C1","C2","C2","C2","C6","C3"
"66","TCGA-A2-A25B","BRCA","YES","Alive","-14454","NA","1291",39,"Stage_II","NA","IDC","LumB","NA","NA","NA","NA","C1","C2","C1","C3","C2","C1","C5","C4"
"67","TCGA-A2-A25C","BRCA","YES","Alive","-18508","NA","523",50,"Stage_II","NA","IDC","LumB","NA","NA","NA","C1","C4","C1","C1","C3","C1","C1","C5","C5"
"68","TCGA-A2-A25E","BRCA","YES","Alive","-12601","NA","3204",34,"Stage_III","NA","Mixed","LumB","NA","NA","NA","C6","C1","C1","C1","C3","C3","C1","C5","C5"
"69","TCGA-A2-A25F","BRCA","YES","Alive","-24319","NA","322",66,"Stage_II","NA","Mixed","Basal","NA","NA","NA","NA","C3","C3","C4","C1","C2","C5","C4","C3"
"70","TCGA-A2-A3XS","BRCA","NO","Dead","-23000","1032","NA",62,"Stage_III","NA","Other","Basal","NA","NA","NA","C4","C4","C4","C4","C7","NA","NA","C4","NA"
"71","TCGA-A2-A3XT","BRCA","NO","Alive","-16649","NA","2770",45,"Stage_II","NA","IDC","Basal","NA","NA","NA","C4","C1","C4","C4","C7","NA","C5","C4","C5"
"72","TCGA-A2-A3XU","BRCA","NO","Dead","-13046","912","NA",35,"Stage_II","NA","IDC","Basal","NA","NA","NA","C4","C4","C4","C4","C7","NA","C5","C2","C5"
"73","TCGA-A2-A3XV","BRCA","NO","Alive","-16971","NA","996",46,"Stage_II","NA","IDC","Her2","NA","NA","NA","C3","C4","C2","C2","C3","NA","C1","C8","C2"
"74","TCGA-A2-A3XW","BRCA","NO","Alive","-15670","NA","1712",42,"Stage_II","NA","IDC","Normal","NA","NA","NA","NA","C4","C3","C2","C6","NA","C1","C8","C1"
"75","TCGA-A2-A3XX","BRCA","NO","Dead","-17981","1439","1168",49,"Stage_II","NA","IDC","Basal","NA","NA","NA","C4","C7","C4","C4","C7","NA","C2","C4","C5"
"76","TCGA-A2-A3XY","BRCA","NO","Dead","-18059","1093","1064",49,"Stage_II","NA","IDC","Basal","NA","NA","NA","C4","C4","C4","C4","C7","NA","NA","C4","NA"
"77","TCGA-A2-A3XZ","BRCA","NO","Alive","-16978","NA","1532",46,"Stage_I","NA","IDC","Her2","NA","NA","NA","C6","C7","C1","C2","C7","NA","C1","C4","C3"
"78","TCGA-A2-A3Y0","BRCA","NO","Alive","-21024","NA","1546",57,"Stage_II","NA","IDC","Basal","NA","NA","NA","C4","C1","C4","C4","C7","NA","NA","C4","NA"
"79","TCGA-A2-A4S3","BRCA","NO","Alive","-21762","NA","666",59,"Stage_II","NA","IDC","LumB","NA","NA","NA","C6","C7","C4","C2","C7","NA","C2","C4","C3"
"80","TCGA-A7-A0CD","BRCA","YES","Alive","-24242","NA","1165",66,"Stage_I","NA","IDC","LumA","NA","NA","NA","C6","C1","C2","C1","C3","C2","C1","C5","C1"
"81","TCGA-A7-A0CE","BRCA","YES","Alive","-20863","NA","1074",57,"Stage_II","NA","IDC","Basal","NA","NA","NA","C6","C4","C4","C4","C7","C2","C5","C2","C4"
"82","TCGA-A7-A0CH","BRCA","YES","Alive","-29104","NA","1079",79,"Stage_II","NA","IDC","LumA","NA","NA","NA","C1","C2","C1","C1","C3","C3","C1","C5","C1"
"83","TCGA-A7-A0CJ","BRCA","YES","Alive","-21014","NA","931",57,"Stage_II","NA","IDC","LumB","NA","NA","NA","C6","C2","C2","C1","C3","C3","C1","C5","C5"
"84","TCGA-A7-A0D9","BRCA","YES","Alive","-13836","NA","1139",37,"Stage_II","NA","IDC","LumA","NA","NA","NA","C5","C4","C1","C1","C3","C2","C2","C5","C5"
"85","TCGA-A7-A0DA","BRCA","YES","Alive","-22708","NA","1085",62,"Stage_II","NA","IDC","Basal","NA","NA","NA","C4","C1","C4","C4","C7","C6","C5","C2","C4"
"86","TCGA-A7-A0DB","BRCA","YES","Alive","-20570","NA","1007",56,"Stage_II","NA","IDC","LumA","NA","NA","NA","C1","C7","C1","C1","C3","C3","C1","C5","C1"
"87","TCGA-A7-A0DC","BRCA","YES","Alive","-23294","NA","906",63,"Stage_I","NA","Other","LumA","NA","NA","NA","NA","NA","C1","C1","NA","NA","C1","C5","C1"
"88","TCGA-A7-A13D","BRCA","YES","Alive","-17070","NA","965",46,"Stage_II","NA","IDC","Basal","NA","NA","NA","C4","C1","C4","C4","C7","C2","C5","C2","C5"
"89","TCGA-A7-A13E","BRCA","YES","Dead","-22690","614","326",62,"Stage_II","NA","IDC","Basal","NA","NA","NA","C4","C4","C2","C4","C7","C2","C5","C2","C4"
"90","TCGA-A7-A13F","BRCA","YES","Alive","-16363","NA","765",44,"Stage_III","NA","Mixed","LumB","NA","NA","NA","C4","C4","C2","C1","C3","C2","C1","C5","C5"
"91","TCGA-A7-A13G","BRCA","YES","Alive","-28969","NA","718",79,"Stage_II","NA","IDC","LumA","NA","NA","NA","C1","C2","C1","C1","C3","NA","NA","C5","NA"
"92","TCGA-A7-A26H","BRCA","YES","Alive","-26423","NA","724",72,"Stage_II","NA","Mixed","LumA","NA","NA","NA","C5","C9","C1","C1","C2","C2","C1","C6","C1"
"93","TCGA-A7-A26I","BRCA","YES","Alive","-23948","NA","661",65,"Stage_II","NA","IDC","Basal","NA","NA","NA","C5","C4","C4","C2","C3","C6","C5","C2","C4"
"94","TCGA-A7-A26J","BRCA","YES","Alive","-17930","NA","627",49,"Stage_II","NA","IDC","LumA","NA","NA","NA","C6","C4","C1","C1","C3","NA","NA","C5","NA"
"95","TCGA-A7-A2KD","BRCA","NO","Alive","-19563","NA","679",53,"Stage_III","NA","IDC","LumB","NA","NA","NA","C6","C4","C1","C1","C2","C3","C1","C4","C4"
"96","TCGA-A7-A4SD","BRCA","NO","Alive","-19131","NA","441",52,"Stage_II","NA","IDC","Basal","NA","NA","NA","C4","C4","C4","C4","C7","NA","C5","C4","C3"
"97","TCGA-A7-A4SE","BRCA","NO","Alive","-20080","NA","644",54,"Stage_II","NA","IDC","Basal","NA","NA","NA","C4","C4","C4","C4","C7","NA","C5","C1","C5"
"98","TCGA-A7-A4SF","BRCA","NO","Alive","-19985","NA","545",54,"Stage_II","NA","IDC","Her2","NA","NA","NA","C6","C4","C2","C2","C3","NA","C1","C8","C4"
"99","TCGA-A7-A56D","BRCA","NO","Alive","-30783","NA","448",84,"Stage_II","NA","NA","LumA","NA","NA","NA","C4","C9","NA","C2","C2","NA","NA","C8","NA"
"100","TCGA-A7-A5ZW","BRCA","NO","Alive","-17529","NA","326",47,"Stage_II","NA","Other","LumA","NA","NA","NA","C1","C4","C1","C2","C2","NA","NA","C6","NA"
"101","TCGA-A7-A6VV","BRCA","NO","Alive","-18695","NA","313",51,"Stage_II","NA","NA","Basal","NA","NA","NA","C4","C2","C4","C4","C7","NA","C2","C4","C4"
"102","TCGA-A7-A6VW","BRCA","NO","Alive","-17539","NA","285",48,"Stage_II","NA","NA","Basal","NA","NA","NA","C4","C2","C4","C4","C7","NA","NA","C2","NA"
"103","TCGA-A7-A6VX","BRCA","NO","Alive","-25066","NA","317",68,"Stage_II","NA","NA","LumB","NA","NA","NA","C6","C4","C1","C1","C2","NA","C2","C5","C5"
"104","TCGA-A7-A6VY","BRCA","NO","Alive","-17640","NA","266",48,"Stage_II","NA","NA","Basal","NA","NA","NA","C6","C1","C2","C4","C7","NA","NA","C4","NA"
"105","TCGA-AC-A23H","BRCA","YES","Dead","-32873","174","81",90,"Stage_II","NA","IDC","Her2","NA","NA","NA","C6","C9","C2","C2","C3","NA","NA","C5","NA"
"106","TCGA-AC-A5EH","BRCA","NO","Alive","-27964","NA","511",76,"Stage_II","NA","NA","Her2","NA","NA","NA","C6","C1","C2","C1","C2","NA","NA","C5","NA"
"107","TCGA-AC-A5XU","BRCA","NO","Alive","-27191","NA","455",74,"Stage_II","NA","NA","LumA","NA","NA","NA","C6","C4","C2","C1","C3","NA","C1","C5","C5"
"108","TCGA-AC-A62X","BRCA","NO","Alive","-26627","NA","417",72,"Stage_II","NA","NA","Basal","NA","NA","NA","C4","C4","C2","C4","C7","NA","C5","C2","C4"
"109","TCGA-AC-A6IW","BRCA","NO","Alive","-26896","NA","413",73,"Stage_II","NA","NA","Basal","NA","NA","NA","C4","C1","C4","C4","C7","NA","C2","C4","C3"
"110","TCGA-AC-A6NO","BRCA","NO","Alive","-15996","NA","51",43,"Stage_II","NA","NA","LumA","NA","NA","NA","C1","C4","C1","C1","C2","NA","C2","C8","C1"
"111","TCGA-AC-A7VB","BRCA","NO","Alive","-18806","NA","250",51,"Stage_II","NA","NA","LumB","NA","NA","NA","C6","C7","C2","C1","C3","NA","NA","C5","NA"
"112","TCGA-AC-A8OP","BRCA","NO","Alive","-26550","NA","614",72,"Stage_I","NA","NA","LumA","NA","NA","NA","C4","C1","C2","C1","C2","NA","NA","C6","NA"
"113","TCGA-AC-A8OQ","BRCA","NO","Alive","-26535","NA","34",72,"Stage_II","NA","NA","Basal","NA","NA","NA","C4","C7","C4","C4","C7","NA","C2","C4","C3"
"114","TCGA-AN-A03X","BRCA","YES","Alive","-27163","NA","10",74,"Stage_II","NA","NA","LumA","NA","NA","NA","C6","C7","C2","C1","C3","NA","NA","C5","NA"
"115","TCGA-AN-A03Y","BRCA","YES","Alive","-24232","NA","10",66,"Stage_II","NA","NA","LumB","NA","NA","NA","C6","C7","C2","C1","C3","NA","NA","C5","NA"
"116","TCGA-AN-A041","BRCA","YES","Alive","-10812","NA","7",29,"Stage_II","NA","NA","LumA","NA","NA","NA","C6","C4","C1","C1","C3","C1","C1","C5","C5"
"117","TCGA-AN-A046","BRCA","YES","Alive","-25158","NA","10",68,"Stage_II","NA","NA","LumA","NA","NA","NA","C2","C10","C2","C1","C3","NA","NA","C6","NA"
"118","TCGA-AN-A049","BRCA","YES","Alive","-22710","NA","19",62,"Stage_II","NA","NA","LumA","NA","NA","NA","C6","C1","C1","C1","C3","C2","C1","C5","C4"
"119","TCGA-AN-A04A","BRCA","YES","Alive","-13445","NA","90",36,"Stage_III","NA","NA","LumA","NA","NA","NA","C6","C1","C1","C1","C3","C2","C1","C5","C5"
"120","TCGA-AN-A04C","BRCA","YES","Alive","-18851","NA","54",51,"Stage_II","NA","NA","Her2","NA","NA","NA","C4","C4","C1","C2","C7","NA","NA","C5","NA"
"121","TCGA-AN-A04D","BRCA","YES","Alive","-21426","NA","52",58,"Stage_II","NA","IDC","Basal","NA","NA","NA","C4","C1","C4","C4","C7","C3","C5","C2","C5"
"122","TCGA-AN-A0AK","BRCA","YES","Alive","-27977","NA","224",76,"Stage_II","NA","IDC","LumB","NA","NA","NA","C6","C5","C2","C1","C3","C2","C1","C4","C2"
"123","TCGA-AN-A0AL","BRCA","YES","Alive","-15286","NA","227",41,"Stage_III","NA","IDC","Basal","NA","NA","NA","C4","C1","C4","C4","C3","C6","C5","C4","C5"
"124","TCGA-AN-A0AM","BRCA","YES","Alive","-20713","NA","5",56,"Stage_II","NA","IDC","LumB","NA","NA","NA","C4","C4","C2","C2","C7","C1","C1","C4","C3"
"125","TCGA-AN-A0AR","BRCA","YES","Alive","-20152","NA","10",55,"Stage_II","NA","NA","Basal","NA","NA","NA","C4","C1","C4","C4","C5","NA","C5","C2","C4"
"126","TCGA-AN-A0AS","BRCA","YES","Alive","-25658","NA","10",70,"Stage_III","NA","IDC","LumA","NA","NA","NA","C6","C4","C1","C1","C3","C3","C1","C5","C5"
"127","TCGA-AN-A0AT","BRCA","YES","Alive","-22798","NA","10",62,"Stage_II","NA","IDC","Basal","NA","NA","NA","C6","C4","C4","C4","C7","C2","C5","C4","C4"
"128","TCGA-AN-A0FD","BRCA","YES","Alive","-26007","NA","196",71,"Stage_II","NA","NA","LumA","NA","NA","NA","C6","C4","C1","C1","C3","C1","C1","C5","C5"
"129","TCGA-AN-A0FF","BRCA","YES","Alive","-11929","NA","172",32,"Stage_I","NA","IDC","LumB","NA","NA","NA","C1","C4","C2","C1","C3","C3","C1","C6","C1"
"130","TCGA-AN-A0FJ","BRCA","YES","Alive","-21910","NA","242",59,"Stage_IV","NA","IDC","Basal","NA","NA","NA","C4","C1","C4","C4","C6","C3","C5","C2","C5"
"131","TCGA-AN-A0FK","BRCA","YES","Alive","-32462","NA","213",88,"Stage_III","NA","IDC","LumA","NA","NA","NA","C6","C1","C1","C1","C7","C1","C1","C5","C1"
"132","TCGA-AN-A0FL","BRCA","YES","Alive","-22805","NA","231",62,"Stage_II","NA","Other","Basal","NA","NA","NA","C4","C1","C4","C4","C7","C3","C5","C2","C5"
"133","TCGA-AN-A0FN","BRCA","YES","Alive","-22629","NA","218",61,"Stage_I","NA","Mixed","LumA","NA","NA","NA","C1","C1","C1","C2","C3","NA","NA","C6","NA"
"134","TCGA-AN-A0FS","BRCA","YES","Alive","-20352","NA","210",55,"Stage_I","NA","Mixed","LumA","NA","NA","NA","C1","C4","C1","C1","C3","C2","C2","C6","C5"
"135","TCGA-AN-A0FT","BRCA","YES","Alive","-23300","NA","214",63,"Stage_II","NA","Other","LumA","NA","NA","NA","C4","C4","C2","C2","C7","C2","C1","C8","C4"
"136","TCGA-AN-A0FV","BRCA","YES","Alive","-21479","NA","10",58,"Stage_II","NA","IDC","Her2","NA","NA","NA","C3","C9","C4","C2","C3","C1","C1","C5","C4"
"137","TCGA-AN-A0FW","BRCA","YES","Alive","-24692","NA","11",67,"Stage_III","NA","Other","LumA","NA","NA","NA","C6","C1","C2","C1","C3","C1","C1","C5","C5"
"138","TCGA-AN-A0FX","BRCA","YES","Alive","-19309","NA","10",52,"Stage_II","NA","IDC","Basal","NA","NA","NA","C5","C4","C2","C4","C7","C3","C5","C2","C5"
"139","TCGA-AN-A0FY","BRCA","YES","Alive","-20347","NA","10",55,"Stage_I","NA","IDC","LumB","NA","NA","NA","C4","C4","C1","C1","C7","C2","C1","C5","C5"
"140","TCGA-AN-A0FZ","BRCA","YES","Alive","-16533","NA","10",45,"Stage_III","NA","IDC","LumA","NA","NA","NA","C4","C7","C1","C1","C7","C1","C1","C5","C5"
"141","TCGA-AN-A0G0","BRCA","YES","Alive","-20504","NA","16",56,"Stage_II","NA","IDC","Basal","NA","NA","NA","NA","C4","C4","C4","C7","C2","C5","NA","C4"
"142","TCGA-AN-A0XL","BRCA","YES","Alive","-22341","NA","163",61,"Stage_II","NA","NA","LumA","NA","NA","NA","C6","C1","C1","C1","C3","NA","NA","C6","NA"
"143","TCGA-AN-A0XN","BRCA","YES","Alive","-25029","NA","10",68,"Stage_III","NA","NA","LumA","NA","NA","NA","C6","C1","C2","C1","C3","C2","C2","C6","C5"
"144","TCGA-AN-A0XO","BRCA","YES","Alive","-21640","NA","375",59,"Stage_III","NA","NA","LumA","NA","NA","NA","C6","C4","C1","C1","C3","C1","C1","C5","C1"
"145","TCGA-AN-A0XP","BRCA","YES","Alive","-25305","NA","9",69,"Stage_III","NA","NA","LumA","NA","NA","NA","C1","C1","C1","C1","C3","C2","C1","C5","C1"
"146","TCGA-AN-A0XR","BRCA","YES","Alive","-20381","NA","10",55,"Stage_III","NA","NA","LumB","NA","NA","NA","C1","C4","C2","C1","C3","NA","NA","C5","NA"
"147","TCGA-AN-A0XS","BRCA","YES","Alive","-23358","NA","10",63,"Stage_III","NA","NA","LumA","NA","NA","NA","C3","C4","C1","C1","C3","C1","C1","C6","C1"
"148","TCGA-AN-A0XT","BRCA","YES","Alive","-19794","NA","10",54,"Stage_III","NA","NA","LumA","NA","NA","NA","C6","C4","C3","C1","C2","C2","C1","C5","C5"
"149","TCGA-AN-A0XU","BRCA","YES","Alive","-20052","NA","10",54,"Stage_II","NA","IDC","Basal","NA","NA","NA","C4","C1","C4","C4","C7","C3","C5","C4","C4"
"150","TCGA-AN-A0XV","BRCA","YES","Alive","-24779","NA","162",67,"Stage_III","NA","NA","LumA","NA","NA","NA","C5","C7","C2","C1","C2","NA","NA","C6","NA"
"151","TCGA-AN-A0XW","BRCA","YES","Alive","-13208","NA","170",36,"Stage_III","NA","NA","LumA","NA","NA","NA","C1","C9","C1","C1","C3","C3","C1","C6","C3"
"152","TCGA-AO-A03L","BRCA","YES","Alive","-12443","NA","2442",34,"Stage_III","NA","NA","LumA","NA","NA","NA","C6","C1","C2","C2","C3","C1","C1","C5","C4"
"153","TCGA-AO-A03M","BRCA","YES","Alive","-10616","NA","1866",29,"Stage_I","NA","NA","LumA","NA","NA","NA","C6","C9","C4","C2","C3","C2","C1","C4","C3"
"154","TCGA-AO-A03N","BRCA","YES","Alive","-21816","NA","2031",59,"Stage_II","NA","NA","LumB","NA","NA","NA","C6","C9","C1","C1","C3","C6","C1","C5","C5"
"155","TCGA-AO-A03O","BRCA","YES","Dead","-25362","2483","NA",69,"Stage_II","NA","NA","LumB","NA","NA","NA","C6","C1","C2","C2","C3","C3","C1","C4","C5"
"156","TCGA-AO-A03P","BRCA","YES","Dead","-19724","2911","2576",54,"Stage_II","NA","NA","LumB","NA","NA","NA","C4","C2","C1","C1","NA","C3","C1","C5","C5"
"157","TCGA-AO-A03R","BRCA","YES","Alive","-20930","NA","2091",57,"Stage_II","NA","NA","Normal","NA","NA","NA","C5","C1","C1","C2","C3","NA","NA","C8","NA"
"158","TCGA-AO-A03T","BRCA","YES","Alive","-15540","NA","1456",42,"Stage_II","NA","NA","Normal","NA","NA","NA","C6","C1","C1","C2","C7","NA","NA","C8","NA"
"159","TCGA-AO-A03V","BRCA","YES","Alive","-15284","NA","886",41,"Stage_I","NA","NA","LumA","NA","NA","NA","C4","C4","C1","C1","C3","NA","NA","C5","NA"
"160","TCGA-AO-A0J2","BRCA","YES","Alive","-15324","NA","997",41,"Stage_I","NA","NA","Her2","NA","NA","NA","C6","C1","C4","C2","C3","C1","C5","C4","C4"
"161","TCGA-AO-A0J4","BRCA","YES","Alive","-15052","NA","1587",41,"Stage_I","NA","NA","Basal","NA","NA","NA","C4","C1","C4","C4","C7","NA","NA","C4","NA"
"162","TCGA-AO-A0J6","BRCA","YES","Alive","-22462","NA","1140",61,"Stage_II","NA","NA","Basal","NA","NA","NA","C6","C1","C2","C4","C4","C2","C5","C4","C3"
"163","TCGA-AO-A0JA","BRCA","YES","Alive","-13307","NA","655",36,"Stage_III","NA","NA","LumA","NA","NA","NA","C5","C2","C1","C1","C3","NA","NA","C5","NA"
"164","TCGA-AO-A0JB","BRCA","YES","Alive","-18561","NA","1542",50,"Stage_III","NA","NA","Normal","NA","NA","NA","C4","C1","C1","C2","C3","NA","C1","C8","C5"
"165","TCGA-AO-A0JC","BRCA","YES","Alive","-23404","NA","1547",64,"Stage_II","NA","NA","LumA","NA","NA","NA","NA","C9","C3","C2","C7","C2","C1","C6","C1"
"166","TCGA-AO-A0JD","BRCA","YES","Alive","-21831","NA","2190",59,"Stage_III","NA","NA","LumB","NA","NA","NA","C6","C1","C1","C1","C3","C2","C1","C5","C3"
"167","TCGA-AO-A0JE","BRCA","YES","Alive","-19516","NA","2335",53,"Stage_III","NA","NA","Her2","NA","NA","NA","C6","C9","C2","C2","C3","C1","C1","C6","C3"
"168","TCGA-AO-A0JF","BRCA","YES","Alive","-24923","NA","1980",68,"Stage_II","NA","NA","LumA","NA","NA","NA","C1","C4","C1","C2","C3","C3","C1","C6","C1"
"169","TCGA-AO-A0JI","BRCA","YES","Alive","-20694","NA","1528",56,"Stage_II","NA","NA","LumA","NA","NA","NA","C3","C4","C2","C1","C3","C2","C1","C5","C1"
"170","TCGA-AO-A0JL","BRCA","YES","Alive","-21895","NA","1683",59,"Stage_III","NA","NA","Basal","NA","NA","NA","NA","NA","C4","C4","C7","C2","C5","C2","C4"
"171","TCGA-AO-A126","BRCA","YES","Alive","-14264","NA","3307",39,"Stage_II","NA","NA","LumA","NA","NA","NA","C3","C7","C1","C2","C3","C1","C1","C8","C1"
"172","TCGA-AO-A128","BRCA","YES","Alive","-22340","NA","3248",61,"Stage_II","NA","Other","Basal","NA","NA","NA","C5","C5","C4","C4","C3","C3","C5","C4","C3"
"173","TCGA-AO-A129","BRCA","YES","Alive","-10898","NA","3286",29,"Stage_II","NA","NA","Basal","NA","NA","NA","C4","C1","C4","C4","C7","C2","C5","C4","C3"
"174","TCGA-AO-A12A","BRCA","YES","Alive","-17420","NA","2755",47,"Stage_II","NA","NA","LumA","NA","NA","NA","C6","C4","C1","C2","C3","C2","C1","C6","C1"
"175","TCGA-AO-A12C","BRCA","YES","Alive","-15469","NA","1994",42,"Stage_II","NA","NA","LumA","NA","NA","NA","NA","NA","C1","C1","C3","C1","C1","NA","C5"
"176","TCGA-AO-A12D","BRCA","YES","Alive","-15774","NA","2515",43,"Stage_II","NA","NA","Her2","NA","NA","NA","C6","C9","C4","C2","C3","C1","C1","C4","C3"
"177","TCGA-AO-A12F","BRCA","YES","Alive","-13409","NA","1471",36,"Stage_II","NA","NA","Basal","NA","NA","NA","C4","C4","C4","C4","C7","C2","C5","C2","C5"
"178","TCGA-AO-A1KP","BRCA","YES","Alive","-28247","NA","2513",77,"Stage_II","NA","IDC","LumB","NA","NA","NA","C5","C3","C1","C1","C3","C1","C2","C5","C1"
"179","TCGA-AO-A1KR","BRCA","YES","Alive","-18900","NA","2513",51,"Stage_II","NA","IDC","Basal","NA","NA","NA","C4","C4","C2","C4","C7","C2","C5","C2","C4"
"180","TCGA-AO-A1KT","BRCA","YES","Alive","-28660","NA","541",78,"Stage_II","NA","IDC","LumB","NA","NA","NA","C6","C3","C2","C2","C3","C2","C1","C5","C1"
"181","TCGA-AQ-A04H","BRCA","YES","Alive","-22539","NA","754",61,"Stage_III","NA","Mixed","LumB","NA","NA","NA","C6","C4","C2","C1","C3","NA","NA","C5","NA"
"182","TCGA-AQ-A04J","BRCA","YES","Alive","-16615","NA","819",45,"Stage_II","NA","IDC","Basal","NA","NA","NA","C6","C1","C4","C4","C7","NA","NA","C4","NA"
"183","TCGA-AQ-A04L","BRCA","YES","Alive","-17759","NA","3957",48,"Stage_II","NA","IDC","LumA","NA","NA","NA","NA","NA","C2","C1","C3","C2","C2","C5","C5"
"184","TCGA-AQ-A0Y5","BRCA","YES","Dead","-25793","172","NA",70,"Stage_III","NA","Mixed","LumA","NA","NA","NA","C4","C4","C2","C1","C2","NA","NA","C5","NA"
"185","TCGA-AQ-A1H2","BRCA","YES","Alive","-30958","NA","475",84,"Stage_III","NA","IDC","LumA","NA","NA","NA","C3","C4","C1","C1","C3","C2","C1","C5","C5"
"186","TCGA-AQ-A1H3","BRCA","YES","Alive","-18177","NA","989",49,"Stage_III","NA","IDC","LumA","NA","NA","NA","C5","C4","C1","C1","C3","NA","NA","C6","C2"
"187","TCGA-AR-A0TP","BRCA","YES","Alive","-15812","NA","4275",43,"Stage_II","NA","IDC","Basal","NA","NA","NA","C4","C1","C4","C4","C7","C2","C5","C2","C4"
"188","TCGA-AR-A0TQ","BRCA","YES","Alive","-9873","NA","2991",27,"Stage_III","NA","IDC","LumB","NA","NA","NA","C6","C4","C1","C1","C3","C3","C1","C4","C3"
"189","TCGA-AR-A0TR","BRCA","YES","Dead","-25190","160","NA",68,"Stage_II","NA","IDC","LumA","NA","NA","NA","C1","C7","C1","C1","C3","C3","C1","C5","C1"
"190","TCGA-AR-A0TS","BRCA","YES","Alive","-17141","NA","2558",46,"Stage_II","NA","IDC","Basal","NA","NA","NA","NA","C1","C4","C4","C7","C3","C5","C4","C3"
"191","TCGA-AR-A0TW","BRCA","YES","Alive","-18263","NA","3009",50,"Stage_III","NA","Other","LumA","NA","NA","NA","C4","C7","C2","C1","NA","C1","C1","C4","C3"
"192","TCGA-AR-A0TY","BRCA","YES","Dead","-19836","1699","NA",54,"Stage_II","NA","IDC","LumB","NA","NA","NA","C6","C1","C2","C1","C3","C1","C1","C5","C5"
"193","TCGA-AR-A0TZ","BRCA","YES","Dead","-15720","3262","2316",43,"NA","NA","IDC","LumA","NA","NA","NA","C3","C4","C2","C1","C3","C1","C2","C5","C5"
"194","TCGA-AR-A0U2","BRCA","YES","Dead","-17390","2551","NA",47,"Stage_III","NA","IDC","LumB","NA","NA","NA","C6","C2","C2","C1","C3","C3","C5","C4","C4"
"195","TCGA-AR-A0U4","BRCA","YES","Alive","-19729","NA","3261",54,"Stage_II","NA","NA","Basal","NA","NA","NA","C4","C1","C2","C4","C7","C5","C5","C4","C4"
"196","TCGA-AR-A1AH","BRCA","YES","Alive","-18991","NA","3807",51,"Stage_II","NA","IDC","Basal","NA","NA","NA","C4","C1","C4","C4","C7","C3","C5","C2","C4"
"197","TCGA-AR-A1AJ","BRCA","YES","Alive","-30489","NA","3072",83,"Stage_I","NA","IDC","Basal","NA","NA","NA","C4","C4","C4","C4","C7","C2","C5","C4","C3"
"198","TCGA-AR-A1AO","BRCA","YES","Alive","-17332","NA","2618",47,"Stage_II","NA","Other","Normal","NA","NA","NA","C3","C1","C3","C2","C3","C1","C5","C6","C3"
"199","TCGA-AR-A1AP","BRCA","YES","Alive","-29406","NA","2856",80,"Stage_I","NA","Other","LumA","NA","NA","NA","C4","C3","C2","C1","C3","C2","C1","C6","C4"
"200","TCGA-AR-A1AQ","BRCA","YES","Alive","-18109","NA","3021",49,"Stage_II","NA","IDC","Basal","NA","NA","NA","C4","C4","C2","C4","C7","C2","C5","C4","C3"
"201","TCGA-AR-A1AR","BRCA","YES","Dead","-18482","524","NA",50,"Stage_III","NA","Mixed","Basal","NA","NA","NA","C4","C1","C2","C4","C7","NA","NA","C4","NA"
"202","TCGA-AR-A1AU","BRCA","YES","Alive","-14564","NA","2868",39,"Stage_III","NA","IDC","LumA","NA","NA","NA","C6","C2","C1","C2","C2","C2","C2","C6","C5"
"203","TCGA-AR-A1AW","BRCA","YES","Alive","-23855","NA","2632",65,"Stage_II","NA","Other","LumB","NA","NA","NA","C4","C4","C2","C2","C7","C3","C1","C6","C3"
"204","TCGA-AR-A1AX","BRCA","YES","Alive","-23507","NA","2629",64,"Stage_I","NA","IDC","LumA","NA","NA","NA","C4","C4","C1","C2","C2","NA","NA","C6","C3"
"205","TCGA-AR-A1AY","BRCA","YES","Alive","-23927","NA","1026",65,"Stage_I","NA","IDC","Basal","NA","NA","NA","C4","C3","C2","C4","C7","C3","C5","C2","C4"
"206","TCGA-AR-A24L","BRCA","YES","Dead","-9706","2866","2221",26,"Stage_II","NA","IDC","LumA","NA","NA","NA","C6","C1","C1","C1","C3","C1","C1","C5","C5"
"207","TCGA-AR-A24N","BRCA","YES","Alive","-19989","NA","3035",54,"Stage_I","NA","IDC","LumB","NA","NA","NA","C1","C1","C2","C1","C3","C2","C1","C5","C1"
"208","TCGA-AR-A24P","BRCA","YES","Alive","-17490","NA","84",47,"Stage_I","NA","IDC","LumA","NA","NA","NA","C1","C4","C1","C1","C3","C2","C1","C6","C1"
"209","TCGA-AR-A24R","BRCA","YES","Alive","-16642","NA","3430",45,"Stage_III","NA","IDC","LumB","NA","NA","NA","C6","C2","C2","C1","C3","C2","C1","C4","C5"
"210","TCGA-AR-A24S","BRCA","YES","Alive","-22587","NA","2976",61,"Stage_I","NA","IDC","LumB","NA","NA","NA","C6","C1","C1","C1","C3","C2","C1","C4","C3"
"211","TCGA-AR-A24U","BRCA","YES","Alive","-17523","NA","2363",47,"Stage_II","NA","NA","Her2","NA","NA","NA","C4","C4","C1","C2","C3","C1","C1","C4","C3"
"212","TCGA-AR-A24V","BRCA","YES","Alive","-19027","NA","3203",52,"Stage_II","NA","NA","LumA","NA","NA","NA","C6","C1","C1","C1","C3","C2","C2","C6","C1"
"213","TCGA-AR-A250","BRCA","YES","Alive","-21309","NA","2707",58,"Stage_II","NA","NA","LumB","NA","NA","NA","C6","C4","C2","C1","C3","C1","C1","C4","C4"
"214","TCGA-AR-A251","BRCA","YES","Alive","-18771","NA","3030",51,"Stage_III","NA","NA","Basal","NA","NA","NA","C4","C1","C4","C4","C7","C6","C2","C2","C4"
"215","TCGA-AR-A252","BRCA","YES","Alive","-18611","NA","2838",50,"Stage_I","NA","NA","LumA","NA","NA","NA","C6","C4","C1","C2","C3","C1","C1","C6","C2"
"216","TCGA-AR-A254","BRCA","YES","Alive","-18270","NA","2605",50,"Stage_III","NA","NA","Her2","NA","NA","NA","C6","C1","C1","C1","C3","C2","C1","C4","C3"
"217","TCGA-AR-A255","BRCA","YES","Alive","-22809","NA","2161",62,"Stage_I","NA","NA","LumA","NA","NA","NA","C4","C3","C2","C1","C3","NA","NA","C6","C3"
"218","TCGA-B6-A0I1","BRCA","NO","Dead","-26902","2361","NA",73,"Stage_II","NA","NA","Basal","NA","NA","NA","C4","C4","C4","C4","C7","NA","NA","C2","NA"
"219","TCGA-B6-A0I2","BRCA","YES","Alive","-16702","NA","4361",45,"Stage_I","NA","IDC","Basal","NA","NA","NA","C4","C9","C4","C4","C7","C2","C2","C4","C5"
"220","TCGA-B6-A0I5","BRCA","YES","Alive","-18038","NA","8556",49,"Stage_II","NA","IDC","LumA","NA","NA","NA","C5","C4","C1","C2","C3","NA","NA","C8","NA"
"221","TCGA-B6-A0I6","BRCA","YES","Dead","-18014","991","NA",49,"Stage_II","NA","Mixed","Basal","NA","NA","NA","NA","NA","C4","C4","C7","C2","C5","NA","C2"
"222","TCGA-B6-A0I8","BRCA","YES","Dead","-17073","749","NA",46,"NA","NA","IDC","LumA","NA","NA","NA","NA","C1","C1","C1","C3","C2","C1","NA","C5"
"223","TCGA-B6-A0I9","BRCA","YES","Dead","-22798","362","NA",62,"Stage_IV","NA","IDC","Her2","NA","NA","NA","C4","C1","C2","C1","C3","C2","C1","C5","C4"
"224","TCGA-B6-A0IB","BRCA","YES","Dead","-23646","3941","NA",64,"Stage_IV","NA","IDC","LumB","NA","NA","NA","C4","C4","C2","C2","C3","C2","C1","C8","C1"
"225","TCGA-B6-A0IG","BRCA","YES","Dead","-18433","4456","NA",50,"Stage_II","NA","IDC","LumA","NA","NA","NA","C6","C4","C2","C2","C3","C2","C1","C5","C4"
"226","TCGA-B6-A0IJ","BRCA","YES","Alive","-15625","NA","7106",42,"Stage_II","NA","IDC","Basal","NA","NA","NA","C4","C1","C4","C4","C7","C3","C5","C4","C3"
"227","TCGA-B6-A0IK","BRCA","YES","Dead","-23150","571","NA",63,"Stage_III","NA","IDC","Her2","NA","NA","NA","C3","C9","C2","C2","C3","C1","C2","C4","C5"
"228","TCGA-B6-A0IO","BRCA","YES","Alive","-24322","NA","5042",66,"Stage_II","NA","IDC","LumA","NA","NA","NA","C4","C1","C1","C1","C3","C2","C1","C5","C1"
"229","TCGA-B6-A0IQ","BRCA","YES","Alive","-14669","NA","4285",40,"Stage_III","NA","IDC","Basal","NA","NA","NA","C4","C1","C4","C4","C7","C2","C5","C2","C3"
"230","TCGA-B6-A0RE","BRCA","YES","Alive","-22449","NA","7777",61,"NA","NA","IDC","Basal","NA","NA","NA","C4","C1","C4","C4","C7","NA","NA","C2","NA"
"231","TCGA-B6-A0RG","BRCA","YES","Alive","-9840","NA","2082",26,"Stage_II","NA","IDC","LumA","NA","NA","NA","C6","C1","C1","C1","C3","C1","C1","C5","C5"
"232","TCGA-B6-A0RH","BRCA","YES","Dead","-18759","6456","5749",51,"Stage_II","NA","IDC","Her2","NA","NA","NA","C3","C4","C1","C2","C3","C1","C5","C4","C4"
"233","TCGA-B6-A0RI","BRCA","YES","Alive","-16138","NA","7126",44,"Stage_III","NA","IDC","LumA","NA","NA","NA","C1","C4","C1","C1","C3","NA","NA","C5","NA"
"234","TCGA-B6-A0RL","BRCA","YES","Dead","-22238","2469","NA",60,"Stage_II","NA","NA","LumB","NA","NA","NA","C6","C4","C2","C1","C3","C3","C1","C5","C5"
"235","TCGA-B6-A0RM","BRCA","YES","Dead","-21047","2373","NA",57,"NA","NA","NA","LumA","NA","NA","NA","C5","C7","C1","C1","C3","C2","C1","C5","C1"
"236","TCGA-B6-A0RN","BRCA","YES","Alive","-22077","NA","8008",60,"Stage_I","NA","Mixed","LumA","NA","NA","NA","C1","C4","C1","C1","C3","C2","C2","C5","C1"
"237","TCGA-B6-A0RO","BRCA","YES","Alive","-26269","NA","4929",71,"Stage_III","NA","IDC","LumA","NA","NA","NA","C1","C4","C1","C1","C3","C3","C1","C5","C1"
"238","TCGA-B6-A0RS","BRCA","YES","Dead","-14134","3063","NA",38,"Stage_II","NA","IDC","Her2","NA","NA","NA","C4","C1","C4","C2","C7","NA","NA","C4","NA"
"239","TCGA-B6-A0RT","BRCA","YES","Alive","-14374","NA","2721",39,"Stage_III","NA","Mixed","Basal","NA","NA","NA","C5","C1","C3","C4","C7","C3","C5","C4","C2"
"240","TCGA-B6-A0WS","BRCA","YES","Dead","-21230","2965","NA",58,"NA","NA","IDC","LumA","NA","NA","NA","C5","C4","C1","C1","C3","NA","NA","C6","NA"
"241","TCGA-B6-A0WT","BRCA","YES","Alive","-22362","NA","5739",61,"Stage_II","NA","IDC","LumA","NA","NA","NA","C5","C4","C1","C1","C3","NA","NA","C5","NA"
"242","TCGA-B6-A0WV","BRCA","YES","Dead","-24803","2417","NA",67,"Stage_II","NA","IDC","LumB","NA","NA","NA","C6","C4","C1","C1","C3","NA","NA","C5","NA"
"243","TCGA-B6-A0WW","BRCA","YES","Dead","-21479","558","NA",58,"NA","NA","IDC","LumB","NA","NA","NA","C6","C4","C2","C1","C3","NA","NA","C5","NA"
"244","TCGA-B6-A0WY","BRCA","YES","Dead","-14778","3461","NA",40,"Stage_III","NA","IDC","LumA","NA","NA","NA","C6","C4","C1","C2","C3","NA","NA","C6","NA"
"245","TCGA-B6-A0WZ","BRCA","YES","Alive","-18584","NA","6292",50,"Stage_II","NA","IDC","LumA","NA","NA","NA","C1","C9","C1","C1","C3","NA","NA","C8","NA"
"246","TCGA-B6-A0X1","BRCA","YES","Dead","-17624","7455","5677",48,"NA","NA","IDC","Basal","NA","NA","NA","C4","C1","C4","C4","NA","C6","C5","C4","C4"
"247","TCGA-B6-A0X4","BRCA","YES","Dead","-22688","860","NA",62,"Stage_II","NA","IDC","LumA","NA","NA","NA","NA","C4","C1","C1","C3","NA","NA","C5","NA"
"248","TCGA-B6-A0X5","BRCA","YES","Dead","-22380","2097","NA",61,"Stage_II","NA","IDC","LumB","NA","NA","NA","C5","C4","C1","C1","C3","NA","NA","C5","NA"
"249","TCGA-B6-A0X7","BRCA","YES","Dead","-22723","1781","NA",62,"NA","NA","ILC","LumA","NA","NA","NA","C1","C4","C1","C1","C7","NA","NA","C5","NA"
"250","TCGA-B6-A1KC","BRCA","YES","Alive","-24791","NA","1326",67,"Stage_II","NA","IDC","LumB","NA","NA","NA","C4","C3","C1","C1","C2","NA","NA","C5","NA"
"251","TCGA-B6-A1KF","BRCA","YES","Alive","-24891","NA","3088",68,"Stage_II","NA","IDC","Basal","NA","NA","NA","C4","C3","C4","C4","C7","NA","NA","C2","NA"
"252","TCGA-B6-A1KI","BRCA","YES","Alive","-23031","NA","2236",63,"Stage_I","NA","IDC","LumA","NA","NA","NA","C1","C3","C1","C1","C3","NA","NA","C5","NA"
"253","TCGA-B6-A1KN","BRCA","YES","Alive","-21183","NA","4233",57,"Stage_III","NA","IDC","LumB","NA","NA","NA","C6","C4","C2","C1","C3","NA","NA","C5","NA"
"254","TCGA-B6-A400","BRCA","NO","Alive","-16022","NA","215",43,"Stage_III","NA","NA","Basal","NA","NA","NA","C4","C1","C4","C4","C7","NA","NA","C4","NA"
"255","TCGA-B6-A401","BRCA","NO","Alive","-17438","NA","2596",47,"Stage_II","NA","NA","LumA","NA","NA","NA","C6","C4","C1","C2","C2","NA","NA","C6","NA"
"256","TCGA-B6-A402","BRCA","NO","Alive","-17314","NA","2134",47,"Stage_I","NA","NA","Basal","NA","NA","NA","C4","C4","C4","C4","C7","NA","NA","C2","NA"
"257","TCGA-B6-A409","BRCA","NO","Dead","-16178","573","NA",44,"Stage_III","NA","NA","Basal","NA","NA","NA","C4","C4","C4","C4","C7","NA","NA","C2","NA"
"258","TCGA-BH-A0AU","BRCA","YES","Alive","-16688","NA","1914",45,"Stage_II","NA","IDC","LumB","NA","NA","NA","C6","C4","C1","C1","C3","C2","C1","C4","C5"
"259","TCGA-BH-A0AZ","BRCA","YES","Alive","-17465","NA","1919",47,"Stage_III","NA","IDC","LumA","NA","NA","NA","C3","C1","C1","C1","C3","C2","C1","C6","C1"
"260","TCGA-BH-A0B6","BRCA","NO","Alive","-17346","NA","2483",47,"Stage_I","NA","IDC","LumA","NA","NA","NA","NA","C9","C1","C2","NA","NA","C1","NA","C1"
"261","TCGA-BH-A0B7","BRCA","YES","Alive","-15593","NA","2559",42,"Stage_II","NA","IDC","Her2","NA","NA","NA","C6","C4","C4","C2","C3","C1","C1","C6","C3"
"262","TCGA-BH-A0BF","BRCA","YES","Dead","-20691","1324","782",56,"Stage_II","NA","IDC","LumB","NA","NA","NA","C4","C1","C1","C2","C3","C2","C1","C6","C3"
"263","TCGA-BH-A0BG","BRCA","YES","Alive","-26988","NA","1871",73,"Stage_I","NA","IDC","Basal","NA","NA","NA","C6","C4","C4","C4","C7","NA","NA","C4","NA"
"264","TCGA-BH-A0BL","BRCA","YES","Alive","-12841","NA","2278",35,"Stage_I","NA","IDC","Basal","NA","NA","NA","C4","C4","C3","C4","C7","NA","NA","C4","NA"
"265","TCGA-BH-A0BO","BRCA","YES","Alive","-19767","NA","2197",54,"Stage_I","NA","Mixed","LumA","NA","NA","NA","C1","C4","C1","C2","C3","C2","C1","C6","C1"
"266","TCGA-BH-A0BP","BRCA","YES","Dead","-27917","2296","1481",76,"Stage_I","NA","IDC","LumA","NA","NA","NA","C4","C4","C2","C1","C3","C3","C2","C6","C4"
"267","TCGA-BH-A0BQ","BRCA","YES","Alive","-14494","NA","2255",39,"Stage_I","NA","IDC","LumA","NA","NA","NA","C1","C4","C1","C2","C3","C2","C1","C6","C1"
"268","TCGA-BH-A0BR","BRCA","YES","Alive","-21622","NA","2330",59,"Stage_I","NA","IDC","LumA","NA","NA","NA","C3","C3","C1","C1","C3","C1","C1","C6","C5"
"269","TCGA-BH-A0BS","BRCA","YES","Alive","-20374","NA","2612",55,"Stage_III","NA","IDC","LumA","NA","NA","NA","C1","C4","C1","C1","C3","C3","C1","C5","C1"
"270","TCGA-BH-A0BT","BRCA","YES","Alive","-20625","NA","2365",56,"Stage_II","NA","NA","LumA","NA","NA","NA","C4","C2","C1","C2","C3","C3","C2","C8","C1"
"271","TCGA-BH-A0BW","BRCA","YES","Alive","-25974","NA","2371",71,"Stage_I","NA","IDC","Basal","NA","NA","NA","C4","C4","C4","C4","C7","C6","C5","C4","C3"
"272","TCGA-BH-A0BZ","BRCA","YES","Alive","-21856","NA","2255",59,"Stage_III","NA","Other","LumB","NA","NA","NA","C6","C1","C2","C2","C3","C2","C1","C4","C2"
"273","TCGA-BH-A0C7","BRCA","YES","Alive","-17871","NA","2767",48,"Stage_II","NA","IDC","LumB","NA","NA","NA","C6","C4","C2","C1","C3","C1","C1","C5","C5"
"274","TCGA-BH-A0DE","BRCA","YES","Alive","-22656","NA","2372",62,"Stage_II","NA","Mixed","LumA","NA","NA","NA","C3","C4","C2","C1","C3","NA","NA","C6","NA"
"275","TCGA-BH-A0DG","BRCA","YES","Alive","-11204","NA","2041",30,"Stage_II","NA","IDC","LumA","NA","NA","NA","C1","C4","C1","C2","C3","C1","C2","C6","C5"
"276","TCGA-BH-A0DI","BRCA","YES","Alive","-23327","NA","912",63,"Stage_II","NA","Mixed","LumA","NA","NA","NA","C4","C9","C2","C1","C3","C1","C2","C6","C3"
"277","TCGA-BH-A0DO","BRCA","YES","Alive","-28529","NA","1644",78,"Stage_I","NA","IDC","LumA","NA","NA","NA","C1","C1","C1","C2","C3","NA","NA","C6","NA"
"278","TCGA-BH-A0DX","BRCA","YES","Alive","-22833","NA","2156",62,"Stage_I","NA","IDC","LumA","NA","NA","NA","C1","C9","C1","C1","C3","NA","NA","C6","NA"
"279","TCGA-BH-A0EA","BRCA","YES","Dead","-26548","991","NA",72,"Stage_II","NA","IDC","LumA","NA","NA","NA","C2","C4","C1","C2","C3","C2","C2","C6","C1"
"280","TCGA-BH-A0EI","BRCA","YES","Alive","-18741","NA","1926",51,"Stage_II","NA","IDC","LumA","NA","NA","NA","C5","C4","C1","C1","C3","C1","C1","C5","C1"
"281","TCGA-BH-A0H3","BRCA","YES","Alive","-17152","NA","1928",46,"Stage_I","NA","IDC","LumA","NA","NA","NA","C1","C4","C1","C1","C3","NA","NA","C6","NA"
"282","TCGA-BH-A0H5","BRCA","YES","Alive","-16719","NA","1620",45,"Stage_I","NA","Mixed","LumA","NA","NA","NA","C2","C9","C1","C2","C7","C1","C1","C6","C1"
"283","TCGA-BH-A0HA","BRCA","YES","Alive","-11379","NA","1611",31,"Stage_I","NA","IDC","LumA","NA","NA","NA","C3","C5","C1","C1","C3","C1","C1","C6","C2"
"284","TCGA-BH-A0HY","BRCA","YES","Alive","-22179","NA","1545",60,"Stage_I","NA","IDC","LumB","NA","NA","NA","C6","C1","C2","C1","C3","C2","C2","C5","C4"
"285","TCGA-BH-A0W3","BRCA","YES","Alive","-21369","NA","728",58,"Stage_II","NA","IDC","LumB","NA","NA","NA","C3","C4","C1","C1","C3","NA","NA","C5","NA"
"286","TCGA-BH-A0W4","BRCA","YES","Alive","-16911","NA","759",46,"Stage_II","NA","Other","LumA","NA","NA","NA","C2","C4","C1","C1","C2","C2","C1","C6","C1"
"287","TCGA-BH-A0W5","BRCA","YES","Alive","-28304","NA","1288",77,"Stage_II","NA","IDC","LumA","NA","NA","NA","C5","C2","C1","C2","C2","C2","C1","C6","C1"
"288","TCGA-BH-A0W7","BRCA","YES","Alive","-17996","NA","1363",49,"Stage_I","NA","IDC","LumA","NA","NA","NA","C6","C9","C1","C2","C3","NA","NA","C6","NA"
"289","TCGA-BH-A18F","BRCA","YES","Alive","-18594","NA","1001",50,"Stage_II","NA","IDC","LumA","NA","NA","NA","C1","C4","C1","C1","C3","C2","C1","C6","C1"
"290","TCGA-BH-A18H","BRCA","YES","Alive","-23065","NA","652",63,"Stage_I","NA","IDC","LumA","NA","NA","NA","C4","C4","C1","C2","C3","C1","C1","C6","C3"
"291","TCGA-BH-A18J","BRCA","YES","Dead","-20678","612","NA",56,"Stage_IV","NA","IDC","LumA","NA","NA","NA","C1","C9","C1","C1","C3","C3","C2","C5","C5"
"292","TCGA-BH-A18K","BRCA","YES","Dead","-16824","2763","NA",46,"Stage_I","NA","NA","LumA","NA","NA","NA","C6","C9","C1","C1","C3","NA","NA","C5","NA"
"293","TCGA-BH-A18L","BRCA","YES","Dead","-18519","811","NA",50,"Stage_III","NA","Mixed","LumB","NA","NA","NA","C6","C1","C1","C1","C3","C2","C1","C5","C5"
"294","TCGA-BH-A18N","BRCA","YES","Dead","-32404","1148","NA",88,"Stage_II","NA","IDC","LumA","NA","NA","NA","C6","C4","C1","C1","C3","C2","C1","C5","C1"
"295","TCGA-BH-A18R","BRCA","YES","Dead","-18524","1142","NA",50,"Stage_II","NA","IDC","Her2","NA","NA","NA","C6","C1","C2","C1","C3","C1","C1","C4","C4"
"296","TCGA-BH-A18T","BRCA","YES","Dead","-25674","224","NA",70,"Stage_II","NA","IDC","Basal","NA","NA","NA","C4","C1","C4","C4","C7","C2","C5","C2","C4"
"297","TCGA-BH-A1EN","BRCA","YES","Dead","-28724","2127","NA",78,"Stage_II","NA","Other","Her2","NA","NA","NA","C4","C1","C2","C2","C3","C6","C1","C5","C4"
"298","TCGA-BH-A1ES","BRCA","YES","Dead","-13138","3462","NA",35,"Stage_II","NA","IDC","LumA","NA","NA","NA","C5","C4","C1","C1","C3","NA","C1","C5","C5"
"299","TCGA-BH-A1ET","BRCA","YES","Dead","-20425","2520","NA",55,"Stage_I","NA","IDC","LumA","NA","NA","NA","C2","C1","C1","C1","C3","C3","C1","C5","C1"
"300","TCGA-BH-A1EU","BRCA","YES","Dead","-30339","1286","NA",83,"Stage_I","NA","Mixed","LumA","NA","NA","NA","C6","C4","C1","C2","C3","C6","C1","C6","C3"
"301","TCGA-BH-A1EV","BRCA","YES","Dead","-16504","365","NA",45,"Stage_III","NA","IDC","Her2","NA","NA","NA","C4","C9","C1","C1","C3","C2","C1","C5","C4"
"302","TCGA-BH-A1EW","BRCA","YES","Dead","-14090","1694","NA",38,"Stage_II","NA","IDC","LumA","NA","NA","NA","C4","C4","C1","C1","C2","C2","C2","C4","C3"
"303","TCGA-BH-A1EX","BRCA","YES","Dead","-24544","1508","NA",67,"Stage_II","NA","IDC","LumA","NA","NA","NA","C5","C4","C1","C2","C3","C6","C2","C6","C2"
"304","TCGA-BH-A1EY","BRCA","YES","Dead","-28940","538","NA",79,"Stage_II","NA","IDC","LumA","NA","NA","NA","C6","C4","C2","C1","C3","C3","C2","C6","C3"
"305","TCGA-BH-A1F0","BRCA","YES","Dead","-29335","785","NA",80,"Stage_II","NA","IDC","Basal","NA","NA","NA","C4","C1","C3","C4","C7","C6","C5","C4","C3"
"306","TCGA-BH-A1F5","BRCA","YES","Dead","-22842","2712","NA",62,"Stage_II","NA","IDC","LumA","NA","NA","NA","NA","C3","C1","C1","C3","C1","C1","NA","C1"
"307","TCGA-BH-A1F6","BRCA","YES","Dead","-18691","2965","NA",51,"NA","NA","IDC","Basal","NA","NA","NA","C4","C4","C2","C4","C7","C3","C5","C4","C3"
"308","TCGA-BH-A1F8","BRCA","YES","Dead","-32871","749","NA",90,"Stage_III","NA","IDC","LumB","NA","NA","NA","C6","C9","C1","C1","C3","C1","C1","C5","C1"
"309","TCGA-BH-A1FB","BRCA","YES","Dead","-21933","3669","NA",60,"Stage_II","NA","IDC","LumA","NA","NA","NA","NA","NA","C1","C2","C3","C3","C2","C6","C2"
"310","TCGA-BH-A1FD","BRCA","YES","Dead","-24940","1009","NA",68,"Stage_I","NA","NA","LumB","NA","NA","NA","C5","C4","C2","C1","C3","C2","C1","C5","C5"
"311","TCGA-BH-A1FE","BRCA","YES","Dead","-11650","2273","NA",31,"Stage_II","NA","IDC","LumA","NA","NA","NA","C6","C4","C1","C2","C3","NA","C2","C6","C5"
"312","TCGA-BH-A1FG","BRCA","YES","Dead","-32295","3736","NA",88,"Stage_I","NA","IDC","LumA","NA","NA","NA","C6","C2","C1","C1","C2","C3","C1","C5","C1"
"313","TCGA-BH-A1FH","BRCA","YES","Dead","-17172","1034","NA",47,"Stage_IV","NA","IDC","LumA","NA","NA","NA","NA","C3","C1","C2","C3","C1","C2","C6","C5"
"314","TCGA-BH-A1FJ","BRCA","YES","Dead","-24262","1927","NA",66,"Stage_III","NA","Other","LumB","NA","NA","NA","C1","C4","C2","C1","C3","C3","C1","C5","C1"
"315","TCGA-BH-A1FL","BRCA","YES","Dead","-25558","1673","NA",69,"Stage_II","NA","Mixed","LumA","NA","NA","NA","C1","C7","C1","C1","C3","C2","C2","C5","C1"
"316","TCGA-BH-A1FM","BRCA","YES","Dead","-16289","1388","NA",44,"Stage_III","NA","IDC","LumB","NA","NA","NA","C6","C3","C1","C1","C3","C1","C1","C5","C5"
"317","TCGA-BH-A1FN","BRCA","YES","Dead","-12525","2192","NA",34,"Stage_II","NA","IDC","LumB","NA","NA","NA","C4","C1","C4","C1","C3","C2","C1","C4","C1"
"318","TCGA-BH-A1FU","BRCA","YES","Dead","-16174","1688","NA",44,"Stage_I","NA","Other","Normal","NA","NA","NA","C6","C2","C4","C2","C3","NA","NA","C6","NA"
"319","TCGA-BH-A201","BRCA","YES","Alive","-23423","NA","856",64,"Stage_I","NA","IDC","LumA","NA","NA","NA","C5","C4","C1","C2","C3","C2","C1","C6","C1"
"320","TCGA-BH-A202","BRCA","YES","Alive","-22052","NA","795",60,"Stage_II","NA","IDC","LumB","NA","NA","NA","C6","C1","C1","C1","C3","C2","C1","C4","C3"
"321","TCGA-BH-A203","BRCA","YES","Dead","-28609","1174","NA",78,"Stage_II","NA","IDC","Her2","NA","NA","NA","C6","C1","C2","C2","C2","C1","C1","C4","C3"
"322","TCGA-BH-A204","BRCA","YES","Dead","-29529","2534","NA",80,"Stage_II","NA","IDC","LumB","NA","NA","NA","C6","C7","C2","C1","C3","C2","C1","C5","C5"
"323","TCGA-BH-A208","BRCA","YES","Dead","-17715","1759","NA",48,"Stage_II","NA","IDC","Normal","NA","NA","NA","C4","C9","C4","C2","C3","C4","C5","C6","C3"
"324","TCGA-BH-A42V","BRCA","NO","Alive","-15158","NA","635",41,"Stage_I","NA","IDC","LumA","NA","NA","NA","C5","C4","C1","C2","C2","NA","C1","C6","C1"
"325","TCGA-BH-A5IZ","BRCA","NO","Alive","-18927","NA","567",51,"Stage_II","NA","NA","Basal","NA","NA","NA","C4","C1","NA","C4","C7","NA","NA","C2","NA"
"326","TCGA-BH-A5J0","BRCA","NO","Alive","-23072","NA","715",63,"Stage_I","NA","NA","LumA","NA","NA","NA","C4","C4","NA","C2","C2","NA","NA","C8","NA"
"327","TCGA-BH-A6R8","BRCA","NO","Alive","-16829","NA","293",46,"Stage_II","NA","NA","LumA","NA","NA","NA","C1","C2","C1","C2","C2","NA","C2","C8","C1"
"328","TCGA-C8-A12K","BRCA","YES","Alive","-29463","NA","0",80,"Stage_II","NA","IDC","Basal","NA","NA","NA","C6","C1","C4","C4","C7","C2","C5","C4","C3"
"329","TCGA-C8-A12L","BRCA","YES","Alive","-24710","NA","363",67,"Stage_II","NA","IDC","Her2","NA","NA","NA","C4","C1","C1","C2","C7","C1","C1","C4","C4"
"330","TCGA-C8-A12M","BRCA","YES","Alive","-25811","NA","358",70,"Stage_II","NA","IDC","LumB","NA","NA","NA","C6","C4","C2","C1","C3","C2","C1","C5","C5"
"331","TCGA-C8-A12N","BRCA","YES","Alive","-21428","NA","358",58,"Stage_II","NA","IDC","LumA","NA","NA","NA","C5","C4","C1","C1","C3","NA","NA","C5","C1"
"332","TCGA-C8-A12O","BRCA","YES","Alive","-18506","NA","385",50,"Stage_II","NA","IDC","LumA","NA","NA","NA","C6","C4","C1","C1","C3","C2","C1","C4","C5"
"333","TCGA-C8-A12P","BRCA","YES","Alive","-20332","NA","358",55,"Stage_II","NA","IDC","Her2","NA","NA","NA","C4","C9","C2","C2","C3","C1","C5","C4","C4"
"334","TCGA-C8-A12Q","BRCA","YES","Dead","-28733","385","2",78,"Stage_III","NA","IDC","Her2","NA","NA","NA","C4","C9","C1","C2","C3","C1","C1","C4","C4"
"335","TCGA-C8-A12T","BRCA","YES","Alive","NA","NA","0",43,"Stage_II","NA","IDC","Her2","NA","NA","NA","C5","C9","C1","C1","C3","C1","C1","C5","C4"
"336","TCGA-C8-A12U","BRCA","YES","Alive","-17045","NA","385",46,"Stage_II","NA","IDC","LumB","NA","NA","NA","C6","C4","C2","C2","C3","C1","C1","C4","C5"
"337","TCGA-C8-A12V","BRCA","YES","Alive","-20346","NA","385",55,"Stage_II","NA","IDC","Basal","NA","NA","NA","NA","C1","C3","C4","C7","C3","C5","C4","C3"
"338","TCGA-C8-A12W","BRCA","YES","Alive","-18140","NA","385",49,"Stage_III","NA","Other","LumB","NA","NA","NA","C6","C7","C2","C1","C3","C1","C1","C5","C5"
"339","TCGA-C8-A12Y","BRCA","YES","Alive","NA","NA","1476",44,"Stage_II","NA","IDC","LumA","NA","NA","NA","C1","C7","C1","C2","C3","C1","C1","C8","C5"
"340","TCGA-C8-A12Z","BRCA","YES","Alive","-16508","NA","382",45,"Stage_II","NA","Other","Her2","NA","NA","NA","C6","C4","C2","C1","C3","C1","C1","C5","C4"
"341","TCGA-C8-A130","BRCA","YES","Alive","-19117","NA","370",52,"Stage_III","NA","Mixed","LumB","NA","NA","NA","C6","C1","C1","C2","C3","C3","C1","C5","C5"
"342","TCGA-C8-A131","BRCA","YES","Alive","-29966","NA","411",82,"Stage_III","NA","IDC","Basal","NA","NA","NA","C4","C7","C2","C2","C7","C1","C5","C4","C3"
"343","TCGA-C8-A132","BRCA","YES","Alive","-20471","NA","383",56,"Stage_II","NA","IDC","LumA","NA","NA","NA","C4","C9","C1","C2","C3","C2","C1","C6","C3"
"344","TCGA-C8-A134","BRCA","YES","Alive","-19010","NA","383",52,"Stage_II","NA","IDC","Basal","NA","NA","NA","C6","C1","C6","C4","C7","C6","C5","C4","C4"
"345","TCGA-C8-A135","BRCA","YES","Alive","-23667","NA","393",64,"Stage_II","NA","IDC","Her2","NA","NA","NA","C6","C7","C4","C2","C3","C1","C1","C4","C3"
"346","TCGA-C8-A137","BRCA","YES","Alive","-12729","NA","379",34,"Stage_II","NA","Mixed","Her2","NA","NA","NA","C6","C9","C2","C2","C2","C2","C1","C5","C4"
"347","TCGA-C8-A138","BRCA","YES","Alive","-20053","NA","380",54,"Stage_III","NA","IDC","Her2","NA","NA","NA","C6","C4","C1","C2","C3","C1","C1","C6","C3"
"348","TCGA-C8-A1HE","BRCA","YES","Alive","NA","NA","375",59,"Stage_II","NA","IDC","LumA","NA","NA","NA","C1","C4","C1","C1","C3","C3","C1","C5","C1"
"349","TCGA-C8-A1HF","BRCA","YES","Alive","NA","NA","332",48,"Stage_II","NA","IDC","Her2","NA","NA","NA","C6","C4","C1","C2","C3","C2","C1","C4","C4"
"350","TCGA-C8-A1HG","BRCA","YES","Alive","NA","NA","345",50,"Stage_II","NA","IDC","LumB","NA","NA","NA","C6","C1","C4","C2","C3","C2","C1","C4","C3"
"351","TCGA-C8-A1HI","BRCA","YES","Alive","NA","NA","343",40,"Stage_III","NA","IDC","LumA","NA","NA","NA","C6","C4","C1","C2","C3","C3","C1","C5","C4"
"352","TCGA-C8-A1HJ","BRCA","YES","Alive","-19629","NA","5",53,"Stage_II","NA","IDC","Basal","NA","NA","NA","C4","C1","C4","C4","C7","C5","C5","C2","C4"
"353","TCGA-C8-A1HK","BRCA","YES","Alive","NA","NA","366",53,"Stage_II","NA","IDC","Her2","NA","NA","NA","C6","C4","C1","C2","C3","C2","C1","C5","C4"
"354","TCGA-C8-A1HM","BRCA","YES","Alive","-27063","NA","375",74,"Stage_II","NA","IDC","LumB","NA","NA","NA","C4","C9","C2","C2","C3","C2","C1","C4","C3"
"355","TCGA-C8-A1HN","BRCA","YES","Alive","-20712","NA","394",56,"Stage_II","NA","IDC","LumB","NA","NA","NA","C6","C1","C1","C1","C3","C1","C1","C5","C4"
"356","TCGA-C8-A1HO","BRCA","YES","Alive","-12715","NA","375",34,"Stage_III","NA","IDC","LumA","NA","NA","NA","C6","C3","C2","C1","C3","C2","C1","C5","C4"
"357","TCGA-C8-A26V","BRCA","YES","Alive","-17468","NA","616",47,"Stage_III","NA","IDC","LumB","NA","NA","NA","C3","C9","C2","C1","C2","C1","C1","C5","C1"
"358","TCGA-C8-A26W","BRCA","YES","Alive","-21391","NA","381",58,"Stage_II","NA","IDC","LumB","NA","NA","NA","C6","C4","C1","C2","C2","C2","C2","C4","C4"
"359","TCGA-C8-A26X","BRCA","YES","Alive","-21463","NA","376",58,"Stage_II","NA","IDC","Her2","NA","NA","NA","C4","C4","C2","C2","C3","C1","C5","C4","C3"
"360","TCGA-C8-A26Y","BRCA","YES","Alive","-32872","NA","394",90,"Stage_II","NA","IDC","Her2","NA","NA","NA","C6","C9","C2","C2","C7","C1","C5","C4","C3"
"361","TCGA-C8-A26Z","BRCA","YES","Alive","NA","NA","470",59,"Stage_II","NA","Other","LumA","NA","NA","NA","C6","C1","C1","C1","C2","C1","C1","C5","C5"
"362","TCGA-C8-A273","BRCA","YES","Alive","NA","NA","513",29,"Stage_II","NA","Other","LumA","NA","NA","NA","C6","C3","C1","C1","C2","C2","C1","C5","C4"
"363","TCGA-C8-A274","BRCA","YES","Alive","-23337","NA","508",63,"Stage_II","NA","Mixed","LumB","NA","NA","NA","C1","C6","C2","C1","C2","C1","C1","C5","C1"
"364","TCGA-C8-A275","BRCA","YES","Alive","-20774","NA","1",56,"Stage_II","NA","IDC","Her2","NA","NA","NA","C6","C9","C2","C2","C2","C1","C1","C4","C3"
"365","TCGA-C8-A278","BRCA","YES","Alive","-22598","NA","297",61,"Stage_III","NA","IDC","Her2","NA","NA","NA","C6","C4","C2","C2","C3","C1","C1","C4","C4"
"366","TCGA-C8-A27A","BRCA","YES","Alive","-17779","NA","747",48,"Stage_II","NA","IDC","LumB","NA","NA","NA","C6","C1","C2","C1","C3","C1","C1","C5","C4"
"367","TCGA-C8-A27B","BRCA","YES","Alive","-17763","NA","439",48,"Stage_II","NA","IDC","Basal","NA","NA","NA","C6","C1","C4","C4","C7","C3","C5","C4","C3"
"368","TCGA-D8-A13Y","BRCA","YES","Alive","-19028","NA","1728",52,"Stage_I","NA","IDC","LumB","NA","NA","NA","C6","C1","C1","C7","C5","C6","C4","C5","C5"
"369","TCGA-D8-A13Z","BRCA","YES","Alive","-18942","NA","635",51,"NA","NA","IDC","Her2","NA","NA","NA","C4","C1","C2","C2","C3","C6","C5","C4","C3"
"370","TCGA-D8-A140","BRCA","YES","Alive","-22900","NA","403",62,"Stage_II","NA","IDC","LumA","NA","NA","NA","C6","C1","C2","C1","C3","C2","C1","C4","C4"
"371","TCGA-D8-A141","BRCA","YES","Alive","-14626","NA","626",40,"NA","NA","IDC","LumA","NA","NA","NA","C5","C4","C1","C2","C3","NA","NA","C6","NA"
"372","TCGA-D8-A142","BRCA","YES","Alive","-27313","NA","425",74,"Stage_II","NA","IDC","Basal","NA","NA","NA","NA","C1","C4","C4","C3","C2","C5","C4","C4"
"373","TCGA-D8-A143","BRCA","YES","Alive","-18984","NA","431",51,"Stage_II","NA","Other","Basal","NA","NA","NA","C4","C1","C2","C2","C5","C4","C5","C4","C3"
"374","TCGA-D8-A145","BRCA","YES","Alive","-29280","NA","410",80,"Stage_II","NA","IDC","LumA","NA","NA","NA","C1","C4","C1","C2","C3","C1","C1","C6","C1"
"375","TCGA-D8-A146","BRCA","YES","Alive","-20861","NA","643",57,"Stage_II","NA","IDC","LumA","NA","NA","NA","NA","C4","C1","C1","NA","C6","C1","NA","C5"
"376","TCGA-D8-A147","BRCA","YES","Alive","-16736","NA","584",45,"NA","NA","IDC","Basal","NA","NA","NA","C4","C1","C4","C4","C7","C3","C5","C4","C4"
"377","TCGA-D8-A1J8","BRCA","YES","Alive","-28444","NA","431",77,"Stage_II","NA","IDC","LumB","NA","NA","NA","C1","C9","C2","C1","C3","C1","C1","C4","C1"
"378","TCGA-D8-A1J9","BRCA","YES","Alive","-17879","NA","532",48,"Stage_I","NA","IDC","LumB","NA","NA","NA","C3","C9","C2","C2","C3","C1","C1","C5","C4"
"379","TCGA-D8-A1JA","BRCA","YES","Alive","-21918","NA","502",60,"NA","NA","IDC","Her2","NA","NA","NA","C3","C9","C1","C2","C3","C1","C1","C5","C4"
"380","TCGA-D8-A1JB","BRCA","YES","Alive","-19822","NA","1688",54,"Stage_II","NA","Mixed","LumA","NA","NA","NA","C4","C1","C1","C2","C3","C1","C1","C6","C1"
"381","TCGA-D8-A1JC","BRCA","YES","Alive","-21898","NA","480",59,"Stage_III","NA","IDC","LumB","NA","NA","NA","C6","C9","C1","C1","C3","C6","C1","C4","C5"
"382","TCGA-D8-A1JD","BRCA","YES","Alive","-15166","NA","552",41,"Stage_II","NA","IDC","LumB","NA","NA","NA","C6","C3","C1","C1","C3","C2","C1","C4","C5"
"383","TCGA-D8-A1JE","BRCA","YES","Alive","-22683","NA","575",62,"Stage_II","NA","IDC","LumB","NA","NA","NA","C6","C4","C1","C1","C3","C2","C1","C5","C1"
"384","TCGA-D8-A1JF","BRCA","YES","Alive","-29199","NA","366",79,"Stage_III","NA","IDC","Her2","NA","NA","NA","C5","C4","C2","C2","C3","C1","C1","C5","C3"
"385","TCGA-D8-A1JG","BRCA","YES","Alive","-22878","NA","1612",62,"Stage_II","NA","IDC","Her2","NA","NA","NA","C4","C10","C2","C2","C3","C1","C1","C4","C3"
"386","TCGA-D8-A1JH","BRCA","YES","Alive","-20497","NA","426",56,"Stage_I","NA","IDC","LumA","NA","NA","NA","C3","C4","C1","C1","C3","C1","C1","C6","C1"
"387","TCGA-D8-A1JI","BRCA","YES","Alive","-20072","NA","577",54,"Stage_II","NA","IDC","LumB","NA","NA","NA","C6","C4","C1","C1","C3","C3","C1","C5","C1"
"388","TCGA-D8-A1JJ","BRCA","YES","Alive","-19966","NA","611",54,"Stage_II","NA","Mixed","LumB","NA","NA","NA","C6","C4","C1","C1","C3","C1","C1","C5","C3"
"389","TCGA-D8-A1JK","BRCA","YES","Alive","-32872","NA","612",90,"Stage_II","NA","IDC","Basal","NA","NA","NA","C4","C3","C2","C2","C7","C1","C5","C4","C3"
"390","TCGA-D8-A1JL","BRCA","YES","Alive","-26484","NA","611",72,"Stage_II","NA","IDC","Basal","NA","NA","NA","C4","C1","C4","C4","C7","C6","C5","C4","C3"
"391","TCGA-D8-A1JM","BRCA","YES","Alive","-21602","NA","590",59,"Stage_II","NA","Other","Basal","NA","NA","NA","C6","C1","C4","C4","NA","C2","C3","C2","C5"
"392","TCGA-D8-A1JP","BRCA","YES","Alive","-26862","NA","639",73,"Stage_I","NA","IDC","LumA","NA","NA","NA","C4","C4","C1","C1","C3","C2","C1","C4","C5"
"393","TCGA-D8-A1JU","BRCA","YES","Alive","-18733","NA","447",51,"Stage_I","NA","Mixed","LumA","NA","NA","NA","C5","C3","C1","C2","C3","C3","C1","C6","C1"
"394","TCGA-D8-A1X5","BRCA","YES","Alive","-29734","NA","565",81,"Stage_III","NA","Mixed","LumB","NA","NA","NA","C6","C2","C2","C1","C3","NA","NA","C5","C4"
"395","TCGA-D8-A1X6","BRCA","YES","Alive","-29256","NA","541",80,"Stage_III","NA","Mixed","LumB","NA","NA","NA","C5","C4","C1","C1","C3","C3","C1","C5","C1"
"396","TCGA-D8-A1X9","BRCA","YES","Alive","-24417","NA","727",66,"Stage_II","NA","IDC","LumA","NA","NA","NA","C6","C1","C2","C1","C2","C1","C1","C4","C5"
"397","TCGA-D8-A1XA","BRCA","YES","Alive","-23387","NA","839",64,"Stage_I","NA","Mixed","LumA","NA","NA","NA","C6","C4","C1","C1","C3","C2","C1","C5","C1"
"398","TCGA-D8-A1XB","BRCA","YES","Alive","-22976","NA","552",62,"Stage_II","NA","IDC","LumA","NA","NA","NA","C5","C1","C1","C1","C3","C2","C1","C5","C1"
"399","TCGA-D8-A1XD","BRCA","YES","Alive","-13510","NA","522",36,"Stage_III","NA","IDC","LumA","NA","NA","NA","NA","NA","C1","C1","C3","C6","C1","C5","C5"
"400","TCGA-D8-A1XF","BRCA","YES","Alive","-16787","NA","463",45,"Stage_II","NA","IDC","LumB","NA","NA","NA","C4","C7","C2","C1","C3","C2","C1","C5","C4"
"401","TCGA-D8-A1XG","BRCA","YES","Alive","-31748","NA","448",86,"Stage_III","NA","IDC","LumA","NA","NA","NA","C1","C3","C1","C1","C3","C2","C1","C5","C1"
"402","TCGA-D8-A1XK","BRCA","YES","Alive","-20092","NA","441",55,"Stage_II","NA","IDC","Basal","NA","NA","NA","C4","C2","C4","C4","C7","C2","C5","C4","C3"
"403","TCGA-D8-A1XL","BRCA","YES","Alive","-12668","NA","606",34,"Stage_II","NA","IDC","LumB","NA","NA","NA","C4","C4","C1","C2","C2","C2","C1","C4","C3"
"404","TCGA-D8-A1XM","BRCA","YES","Alive","-21056","NA","538",57,"Stage_I","NA","Mixed","LumA","NA","NA","NA","C1","C4","C1","C1","C2","C2","C1","C6","C1"
"405","TCGA-D8-A1XQ","BRCA","YES","Alive","-25345","NA","499",69,"Stage_II","NA","IDC","Basal","NA","NA","NA","C6","C2","C4","C4","C7","C6","C5","C4","C4"
"406","TCGA-D8-A1XR","BRCA","YES","Alive","-20488","NA","482",56,"Stage_II","NA","IDC","LumB","NA","NA","NA","C1","C4","C1","C1","C3","C2","C2","C5","C1"
"407","TCGA-D8-A1XT","BRCA","YES","Alive","-22448","NA","506",61,"Stage_II","NA","IDC","Her2","NA","NA","NA","C4","C4","C2","C2","C3","C1","C1","C4","C3"
"408","TCGA-D8-A1XU","BRCA","YES","Alive","-20715","NA","395",56,"Stage_I","NA","IDC","LumA","NA","NA","NA","C4","C4","C2","C1","C3","C6","C1","C5","C1"
"409","TCGA-D8-A1XW","BRCA","YES","Alive","-19478","NA","1309",53,"Stage_II","NA","IDC","Normal","NA","NA","NA","C4","C1","C3","C4","C7","C6","C5","C4","C3"
"410","TCGA-D8-A1XY","BRCA","YES","Alive","-27106","NA","503",74,"Stage_II","NA","IDC","LumA","NA","NA","NA","C6","C4","C1","C1","C3","C2","C1","C5","C5"
"411","TCGA-D8-A1XZ","BRCA","YES","Alive","-29916","NA","466",81,"Stage_III","NA","IDC","LumB","NA","NA","NA","C6","C7","C1","C1","C3","C2","C1","C4","C5"
"412","TCGA-D8-A1Y0","BRCA","YES","Alive","-24083","NA","472",65,"Stage_III","NA","Mixed","LumA","NA","NA","NA","C6","C1","C1","C1","C3","C2","C1","C6","C3"
"413","TCGA-D8-A1Y1","BRCA","YES","Dead","-29474","302","116",80,"Stage_III","NA","IDC","LumB","NA","NA","NA","C5","C3","C1","C1","C3","C2","C1","C5","C1"
"414","TCGA-D8-A1Y2","BRCA","YES","Alive","-26021","NA","433",71,"Stage_II","NA","IDC","LumB","NA","NA","NA","C6","C4","C1","C2","C2","C2","C1","C6","C3"
"415","TCGA-D8-A1Y3","BRCA","YES","Alive","-22317","NA","430",61,"Stage_III","NA","IDC","LumB","NA","NA","NA","C6","C4","C2","C2","C7","C2","C1","C4","C5"
"416","TCGA-D8-A27F","BRCA","YES","Alive","-14731","NA","488",40,"Stage_II","NA","IDC","Basal","NA","NA","NA","C6","C4","C4","C4","C7","C4","C5","C2","C4"
"417","TCGA-D8-A27H","BRCA","YES","Alive","-26588","NA","397",72,"Stage_II","NA","IDC","Basal","NA","NA","NA","C4","C1","C4","C4","C2","C6","C5","C2","C4"
"418","TCGA-D8-A27K","BRCA","YES","Alive","-17426","NA","1461",47,"Stage_II","NA","Mixed","LumA","NA","NA","NA","C1","C2","C1","C1","C2","C2","C1","C6","C1"
"419","TCGA-D8-A27L","BRCA","YES","Alive","-18025","NA","499",49,"Stage_III","NA","IDC","LumA","NA","NA","NA","C5","C4","C1","C1","C2","C1","C1","C6","C2"
"420","TCGA-D8-A27M","BRCA","YES","Alive","-21910","NA","410",59,"Stage_I","NA","IDC","Basal","NA","NA","NA","C4","C1","C4","C4","C2","C6","C5","C4","C4"
"421","TCGA-D8-A27N","BRCA","YES","Alive","-13243","NA","519",36,"Stage_III","NA","IDC","LumB","NA","NA","NA","C6","C7","C1","C1","C2","C1","C1","C4","C5"
"422","TCGA-D8-A27P","BRCA","YES","Alive","-23576","NA","49",64,"Stage_I","NA","IDC","LumA","NA","NA","NA","C1","C4","C1","C1","C2","C1","C1","C5","C1"
"423","TCGA-D8-A27R","BRCA","YES","Alive","-15122","NA","307",41,"Stage_III","NA","IDC","LumB","NA","NA","NA","C6","C4","C1","C1","C2","C2","C1","C4","C3"
"424","TCGA-E2-A105","BRCA","YES","Alive","-28855","NA","1308",79,"Stage_II","NA","IDC","LumA","NA","NA","NA","C6","C4","C2","C1","C3","NA","NA","C5","NA"
"425","TCGA-E2-A106","BRCA","YES","Alive","-12528","NA","2541",34,"Stage_I","NA","Other","LumA","NA","NA","NA","NA","NA","C1","C1","C3","NA","NA","NA","NA"
"426","TCGA-E2-A108","BRCA","YES","Alive","-23530","NA","837",64,"Stage_III","NA","Other","Normal","NA","NA","NA","C4","C9","C1","C2","C2","NA","NA","C6","C5"
"427","TCGA-E2-A109","BRCA","YES","Alive","-23521","NA","1417",64,"Stage_II","NA","IDC","LumB","NA","NA","NA","C6","C4","C2","C1","C3","C2","C1","C5","C5"
"428","TCGA-E2-A10A","BRCA","YES","Alive","-15085","NA","1229",41,"Stage_II","NA","IDC","LumA","NA","NA","NA","C5","C4","C1","C1","C3","C2","C1","C5","C5"
"429","TCGA-E2-A10B","BRCA","YES","Alive","-24577","NA","1141",67,"Stage_II","NA","IDC","LumA","NA","NA","NA","C1","C4","C1","C1","C3","C6","C1","C4","C1"
"430","TCGA-E2-A10C","BRCA","YES","Alive","-19849","NA","1220",54,"Stage_II","NA","IDC","LumB","NA","NA","NA","C4","C9","C2","C2","C3","C3","C2","C4","C1"
"431","TCGA-E2-A10E","BRCA","YES","Alive","-23684","NA","865",64,"Stage_II","NA","IDC","LumA","NA","NA","NA","NA","NA","C1","C1","C3","C3","C1","C5","C1"
"432","TCGA-E2-A14N","BRCA","YES","Alive","-13743","NA","1434",37,"Stage_II","NA","IDC","Basal","NA","NA","NA","C4","C1","C4","C4","C7","C2","C5","C2","C3"
"433","TCGA-E2-A14O","BRCA","YES","Alive","-27837","NA","1359",76,"Stage_III","NA","IDC","LumB","NA","NA","NA","C6","C4","C2","C2","C3","C3","C1","C8","C1"
"434","TCGA-E2-A14P","BRCA","YES","Alive","-28923","NA","1246",79,"Stage_III","NA","IDC","Her2","NA","NA","NA","C4","C4","C1","C2","C7","C2","C1","C4","C3"
"435","TCGA-E2-A14Q","BRCA","YES","Alive","-18507","NA","1163",50,"Stage_II","NA","IDC","LumA","NA","NA","NA","C1","C4","C1","C2","C2","C1","C1","C5","C1"
"436","TCGA-E2-A14R","BRCA","YES","Alive","-22686","NA","1174",62,"Stage_II","NA","IDC","Basal","NA","NA","NA","C4","C4","C4","C4","C7","NA","NA","C4","NA"
"437","TCGA-E2-A14S","BRCA","YES","Alive","-23878","NA","1009",65,"Stage_I","NA","IDC","LumB","NA","NA","NA","C5","C4","C1","C1","C3","C3","C1","C5","C5"
"438","TCGA-E2-A14T","BRCA","YES","Alive","-19237","NA","2311",52,"Stage_II","NA","Other","LumA","NA","NA","NA","C6","C4","C1","C1","C3","C1","C1","C5","C5"
"439","TCGA-E2-A14V","BRCA","YES","Alive","-19643","NA","1042",53,"Stage_II","NA","IDC","Her2","NA","NA","NA","C6","C9","C2","C1","C3","C2","C1","C5","C4"
"440","TCGA-E2-A14X","BRCA","YES","Alive","-20105","NA","972",55,"Stage_III","NA","IDC","Basal","NA","NA","NA","C4","C7","C4","C4","C7","C3","C5","C4","C5"
"441","TCGA-E2-A14Y","BRCA","YES","Alive","-13004","NA","2109",35,"Stage_II","NA","IDC","Basal","NA","NA","NA","C6","C4","C1","C4","C6","C2","C5","C2","C4"
"442","TCGA-E2-A14Z","BRCA","YES","Dead","-23682","563","518",64,"Stage_I","NA","Mixed","LumA","NA","NA","NA","C4","C4","C1","C2","C2","C2","C1","C6","C3"
"443","TCGA-E2-A150","BRCA","YES","Alive","-17580","NA","1935",48,"Stage_II","NA","Other","Basal","NA","NA","NA","C4","C1","C4","C4","C7","C6","C5","C4","C3"
"444","TCGA-E2-A152","BRCA","YES","Alive","-20705","NA","2128",56,"Stage_I","NA","IDC","Her2","NA","NA","NA","C4","C9","C1","C2","C3","C6","C1","C5","C4"
"445","TCGA-E2-A153","BRCA","YES","Alive","-18875","NA","707",51,"Stage_II","NA","Other","LumA","NA","NA","NA","C4","C4","C1","C1","C3","C2","C1","C6","C1"
"446","TCGA-E2-A154","BRCA","YES","Alive","-24999","NA","591",68,"Stage_I","NA","IDC","LumA","NA","NA","NA","C4","C4","C2","C1","C3","C2","C1","C5","C1"
"447","TCGA-E2-A155","BRCA","YES","Alive","-21348","NA","640",58,"Stage_II","NA","Mixed","LumB","NA","NA","NA","C3","C4","C2","C1","C3","C3","C1","C5","C4"
"448","TCGA-E2-A156","BRCA","YES","Alive","-22422","NA","726",61,"Stage_I","NA","IDC","LumA","NA","NA","NA","C2","C1","C1","C1","C3","C3","C1","C5","C1"
"449","TCGA-E2-A158","BRCA","YES","Alive","-15903","NA","450",43,"Stage_II","NA","IDC","Basal","NA","NA","NA","C4","C1","C4","C4","C7","C2","C5","C2","C4"
"450","TCGA-E2-A159","BRCA","YES","Alive","-18621","NA","762",50,"Stage_II","NA","IDC","Basal","NA","NA","NA","C4","C9","C4","C2","C7","C6","C5","C4","C3"
"451","TCGA-E2-A15A","BRCA","YES","Alive","-16750","NA","710",45,"Stage_III","NA","Other","LumB","NA","NA","NA","C4","C4","C2","C1","C3","C1","C1","C4","C3"
"452","TCGA-E2-A15C","BRCA","YES","Alive","-22583","NA","694",61,"Stage_I","NA","IDC","LumA","NA","NA","NA","C5","C4","C1","C1","C3","C2","C2","C5","C1"
"453","TCGA-E2-A15D","BRCA","YES","Alive","-17224","NA","526",47,"Stage_II","NA","IDC","LumA","NA","NA","NA","C1","C4","C1","C1","C3","C2","C1","C5","C1"
"454","TCGA-E2-A15E","BRCA","YES","Alive","-14894","NA","630",40,"Stage_II","NA","IDC","LumA","NA","NA","NA","C4","C4","C1","C2","C2","C1","C1","C6","C4"
"455","TCGA-E2-A15F","BRCA","YES","Alive","-23660","NA","658",64,"Stage_I","NA","IDC","LumA","NA","NA","NA","C6","C3","C1","C1","C2","NA","C1","C4","C5"
"456","TCGA-E2-A15H","BRCA","YES","Alive","-13985","NA","393",38,"Stage_II","NA","IDC","LumA","NA","NA","NA","C6","C4","C1","C1","C3","C1","C1","C5","C4"
"457","TCGA-E2-A15I","BRCA","YES","Alive","-16163","NA","1692",44,"Stage_II","NA","Other","LumA","NA","NA","NA","C2","C4","C1","C1","C3","C1","C2","C6","C1"
"458","TCGA-E2-A15J","BRCA","YES","Alive","-18771","NA","1640",51,"Stage_I","NA","NA","LumA","NA","NA","NA","C1","C7","C1","C1","C3","C2","C1","C5","C1"
"459","TCGA-E2-A15K","BRCA","YES","Alive","-21514","NA","275",58,"Stage_II","NA","IDC","LumB","NA","NA","NA","C1","C4","C1","C1","C3","C2","C1","C4","C5"
"460","TCGA-E2-A15O","BRCA","YES","Alive","-32583","NA","1545",89,"Stage_I","NA","IDC","LumA","NA","NA","NA","C6","C7","C2","C2","C3","C3","C1","C5","C1"
"461","TCGA-E2-A15P","BRCA","YES","Alive","-22524","NA","595",61,"Stage_I","NA","Mixed","LumA","NA","NA","NA","C3","C4","C1","C1","C3","C6","C1","C5","C5"
"462","TCGA-E2-A15R","BRCA","YES","Alive","-23570","NA","1732",64,"Stage_II","NA","Mixed","LumA","NA","NA","NA","C6","C4","C2","C1","C3","C2","C1","C5","C1"
"463","TCGA-E2-A15S","BRCA","YES","Alive","-12671","NA","428",34,"Stage_II","NA","Other","LumB","NA","NA","NA","C6","C1","C2","C1","C3","C2","C1","C5","C4"
"464","TCGA-E2-A15T","BRCA","YES","Alive","-24054","NA","1563",65,"Stage_II","NA","Other","LumB","NA","NA","NA","C6","C4","C1","C1","C3","NA","C1","C5","C5"
"465","TCGA-E2-A1B0","BRCA","YES","Alive","-18346","NA","1631",50,"Stage_III","NA","IDC","Her2","NA","NA","NA","C4","C4","C4","C2","C3","C1","C2","C4","C3"
"466","TCGA-E2-A1B1","BRCA","YES","Alive","-16603","NA","2653",45,"Stage_II","NA","Other","LumA","NA","NA","NA","C6","C9","C1","C2","C3","C1","C1","C6","C3"
"467","TCGA-E2-A1B4","BRCA","YES","Dead","-27241","1004","911",74,"Stage_III","NA","IDC","LumA","NA","NA","NA","C3","C1","C1","C2","C3","C1","C1","C8","C1"
"468","TCGA-E2-A1B6","BRCA","YES","Alive","-16370","NA","867",44,"Stage_II","NA","IDC","Basal","NA","NA","NA","NA","C1","C3","C4","C7","NA","C5","C4","C3"
"469","TCGA-E2-A1BD","BRCA","YES","Alive","-19627","NA","1133",53,"Stage_II","NA","IDC","LumA","NA","NA","NA","C1","C4","C1","C2","C3","C3","C1","C8","C1"
"470","TCGA-E2-A1IE","BRCA","YES","Alive","-22510","NA","2362",61,"Stage_II","NA","IDC","LumA","NA","NA","NA","C5","C4","C1","C1","C3","NA","NA","C5","NA"
"471","TCGA-E2-A1IF","BRCA","YES","Alive","-27341","NA","1138",74,"Stage_I","NA","IDC","LumA","NA","NA","NA","C1","C4","C1","C2","C3","NA","NA","C8","NA"
"472","TCGA-E2-A1IG","BRCA","YES","Alive","-16757","NA","2140",45,"Stage_II","NA","IDC","LumA","NA","NA","NA","C6","C2","C1","C1","C3","C1","C1","C5","C4"
"473","TCGA-E2-A1II","BRCA","YES","Alive","-18788","NA","1025",51,"Stage_I","NA","IDC","Basal","NA","NA","NA","C4","C4","C4","C4","C7","NA","NA","C4","NA"
"474","TCGA-E2-A1IK","BRCA","YES","Alive","-26052","NA","1800",71,"Stage_II","NA","Other","LumA","NA","NA","NA","C2","C4","C1","C1","C3","NA","NA","C5","NA"
"475","TCGA-E2-A1IN","BRCA","YES","Alive","-22199","NA","675",60,"Stage_I","NA","IDC","LumA","NA","NA","NA","C6","C9","C1","C1","C3","NA","NA","C5","NA"
"476","TCGA-E2-A1IO","BRCA","YES","Alive","-13671","NA","1855",37,"Stage_I","NA","IDC","LumA","NA","NA","NA","C4","C4","C1","C2","C3","NA","NA","C6","NA"
"477","TCGA-E2-A1IU","BRCA","YES","Alive","-22279","NA","337",60,"Stage_I","NA","IDC","LumA","NA","NA","NA","C3","C1","C1","C1","C3","C2","C2","C5","C1"
"478","TCGA-E2-A1L6","BRCA","YES","Alive","-16403","NA","1648",44,"Stage_II","NA","Other","LumA","NA","NA","NA","C5","C4","C1","C2","C3","C2","C1","C6","C1"
"479","TCGA-E2-A1L7","BRCA","YES","Alive","-14854","NA","1836",40,"Stage_III","NA","IDC","LumB","NA","NA","NA","C4","C1","C2","C2","C3","C3","C1","C4","C5"
"480","TCGA-E2-A1L9","BRCA","YES","Alive","-14868","NA","598",40,"Stage_II","NA","IDC","LumA","NA","NA","NA","C1","C4","C1","C1","C3","NA","NA","C6","NA"
"481","TCGA-E2-A1LB","BRCA","YES","Alive","-15283","NA","2306",41,"Stage_II","NA","IDC","Her2","NA","NA","NA","C3","C4","C1","C2","C3","C1","C1","C5","C4"
"482","TCGA-E2-A1LE","BRCA","NO","Dead","-26239","879","NA",71,"Stage_III","NA","IDC","Her2","NA","NA","NA","C3","C4","C2","C2","C2","NA","C1","C4","C3"
"483","TCGA-E2-A1LH","BRCA","YES","Alive","-21628","NA","3247",59,"Stage_I","NA","IDC","Basal","NA","NA","NA","C4","C1","C4","C4","C7","NA","NA","C4","NA"
"484","TCGA-E2-A1LI","BRCA","YES","Alive","-21064","NA","3121",57,"Stage_II","NA","IDC","Basal","NA","NA","NA","C4","C4","C4","C4","C7","NA","NA","C4","NA"
"485","TCGA-E2-A1LK","BRCA","YES","Dead","-30757","266","NA",84,"Stage_III","NA","IDC","Basal","NA","NA","NA","C6","C7","C2","C4","C7","C2","C5","C2","C5"
"486","TCGA-E2-A1LL","BRCA","YES","Alive","-27028","NA","1309",73,"Stage_III","NA","Other","Basal","NA","NA","NA","C3","C2","C2","C3","C3","C2","C5","C2","C3"
"487","TCGA-E2-A56Z","BRCA","NO","Alive","-25282","NA","252",69,"Stage_II","NA","IDC","LumB","NA","NA","NA","C6","C4","C1","C1","C3","NA","C1","C8","C5"
"488","TCGA-E2-A570","BRCA","NO","Alive","-17456","NA","931",47,"Stage_I","NA","IDC","LumA","NA","NA","NA","C1","C4","C1","C2","C2","NA","NA","C8","NA"
"489","TCGA-E2-A572","BRCA","NO","Alive","-26399","NA","1208",72,"Stage_III","NA","NA","LumA","NA","NA","NA","NA","C2","C1","C2","C2","NA","C2","NA","C5"
"490","TCGA-E2-A573","BRCA","NO","Alive","-17689","NA","1062",48,"Stage_I","NA","IDC","Basal","NA","NA","NA","C4","C1","C4","C4","C7","NA","NA","C4","NA"
"491","TCGA-E2-A574","BRCA","NO","Alive","-16195","NA","1179",44,"Stage_II","NA","IDC","Basal","NA","NA","NA","C4","C4","C4","C4","C7","NA","C5","C2","C4"
"492","TCGA-E2-A9RU","BRCA","NO","Alive","-32873","NA","538",90,"Stage_III","NA","NA","LumB","NA","NA","NA","C6","C1","C2","C2","C3","NA","C2","C2","C3"
"493","TCGA-E9-A1N6","BRCA","YES","Dead","-19327","678","410",52,"Stage_II","NA","IDC","LumB","NA","NA","NA","NA","NA","C2","C1","C3","C2","C1","C5","C4"
"494","TCGA-E9-A1N8","BRCA","YES","Alive","-17652","NA","1039",48,"Stage_II","NA","IDC","Basal","NA","NA","NA","C4","C4","C4","C4","C7","C2","C5","C2","C4"
"495","TCGA-E9-A1ND","BRCA","YES","Alive","-27400","NA","1266",75,"Stage_II","NA","IDC","Basal","NA","NA","NA","C6","C7","C2","C4","C7","C6","C5","C4","C3"
"496","TCGA-E9-A1NG","BRCA","YES","Dead","-22896","786","656",62,"Stage_II","NA","IDC","LumA","NA","NA","NA","C3","C3","C1","C1","C3","C2","C1","C6","C3"
"497","TCGA-E9-A1NH","BRCA","YES","Alive","-26221","NA","576",71,"Stage_II","NA","IDC","LumA","NA","NA","NA","C1","C4","C1","C1","C3","C4","C1","C6","C1"
"498","TCGA-E9-A1QZ","BRCA","YES","Alive","-22397","NA","755",61,"Stage_II","NA","IDC","LumA","NA","NA","NA","C6","C2","C1","C1","C3","C2","C2","C6","C2"
"499","TCGA-E9-A1R0","BRCA","YES","Alive","-21394","NA","860",58,"Stage_II","NA","IDC","LumA","NA","NA","NA","C2","C4","C1","C1","C2","C1","C2","C6","C3"
"500","TCGA-E9-A1R2","BRCA","YES","Alive","-18936","NA","1063",51,"Stage_III","NA","IDC","LumA","NA","NA","NA","C6","C1","C1","C1","C3","C2","C1","C4","C1"
"501","TCGA-E9-A1R3","BRCA","YES","Alive","-25693","NA","78",70,"Stage_III","NA","IDC","LumA","NA","NA","NA","C5","C4","C1","C1","C2","C2","C1","C6","C1"
"502","TCGA-E9-A1R4","BRCA","YES","Alive","-24181","NA","186",66,"Stage_I","NA","Mixed","LumB","NA","NA","NA","C6","C9","C1","C1","C3","C1","C1","C6","C3"
"503","TCGA-E9-A1R5","BRCA","YES","Alive","-23116","NA","92",63,"Stage_I","NA","IDC","LumA","NA","NA","NA","C1","C7","C2","C1","C3","C2","C1","C5","C5"
"504","TCGA-E9-A1R6","BRCA","YES","Alive","-23347","NA","339",63,"Stage_II","NA","IDC","LumA","NA","NA","NA","C6","C1","C2","C1","C3","C2","C2","C5","C4"
"505","TCGA-E9-A1R7","BRCA","YES","Alive","-23397","NA","1467",64,"Stage_II","NA","IDC","LumB","NA","NA","NA","C6","C4","C2","C1","C3","C2","C1","C5","C4"
"506","TCGA-E9-A1RA","BRCA","YES","Alive","-17699","NA","1369",48,"Stage_I","NA","NA","LumA","NA","NA","NA","C5","C4","C1","C1","C3","NA","C2","C5","C3"
"507","TCGA-E9-A1RB","BRCA","YES","Dead","-14755","976","633",40,"Stage_II","NA","Other","LumB","NA","NA","NA","C6","C1","C1","C1","C2","C2","C1","C5","C5"
"508","TCGA-E9-A1RD","BRCA","YES","Alive","-24719","NA","34",67,"Stage_II","NA","IDC","LumA","NA","NA","NA","NA","C4","C1","C1","C2","C1","C1","C5","C1"
"509","TCGA-E9-A1RE","BRCA","YES","Alive","-27392","NA","1419",74,"Stage_III","NA","IDC","LumB","NA","NA","NA","C6","C3","C2","C1","C3","C2","C1","C5","C5"
"510","TCGA-E9-A1RF","BRCA","YES","Alive","-25119","NA","200",68,"Stage_III","NA","Mixed","LumA","NA","NA","NA","C4","C1","C2","C1","C3","C2","C1","C4","C4"
"511","TCGA-E9-A1RG","BRCA","YES","Alive","-22788","NA","647",62,"Stage_III","NA","NA","LumB","NA","NA","NA","C4","C4","C1","C2","C3","NA","C1","C8","C5"
"512","TCGA-E9-A1RH","BRCA","YES","Alive","-23224","NA","1417",63,"Stage_II","NA","IDC","Her2","NA","NA","NA","C4","C1","C2","C2","C3","C1","C2","C4","C3"
"513","TCGA-E9-A226","BRCA","YES","Dead","-16511","1048","1038",45,"Stage_III","NA","IDC","LumB","NA","NA","NA","C4","C4","C1","C1","C2","C1","C1","C5","C5"
"514","TCGA-E9-A227","BRCA","YES","Alive","-15602","NA","975",42,"Stage_II","NA","IDC","LumA","NA","NA","NA","C1","C4","C1","C1","C3","C1","C1","C6","C3"
"515","TCGA-E9-A228","BRCA","YES","Alive","-21294","NA","1285",58,"Stage_II","NA","Other","LumB","NA","NA","NA","C6","C4","C2","C1","C3","C1","C1","C5","C4"
"516","TCGA-E9-A229","BRCA","YES","Alive","-13817","NA","1148",37,"Stage_I","NA","IDC","LumA","NA","NA","NA","C1","C4","C1","C1","C3","C2","C2","C6","C5"
"517","TCGA-E9-A22A","BRCA","YES","Alive","-27288","NA","1189",74,"Stage_II","NA","IDC","LumB","NA","NA","NA","C5","C3","C1","C1","C2","C1","C1","C4","C3"
"518","TCGA-E9-A22D","BRCA","YES","Alive","-14115","NA","1248",38,"Stage_II","NA","IDC","LumB","NA","NA","NA","C6","C7","C2","C2","C3","C2","C1","C4","C3"
"519","TCGA-E9-A22E","BRCA","YES","Alive","-20574","NA","1269",56,"Stage_III","NA","Mixed","LumB","NA","NA","NA","C4","C1","C1","C1","C3","C1","C1","C6","C5"
"520","TCGA-E9-A22G","BRCA","YES","Alive","-17300","NA","1239",47,"Stage_II","NA","IDC","Basal","NA","NA","NA","C4","C1","C4","C4","C7","C2","C5","C2","C5"
"521","TCGA-E9-A22H","BRCA","YES","Alive","-15504","NA","1232",42,"Stage_II","NA","IDC","LumB","NA","NA","NA","C1","C4","C1","C1","C3","C1","C1","C5","C1"
"522","TCGA-E9-A243","BRCA","YES","Alive","-19035","NA","612",52,"Stage_II","NA","IDC","Basal","NA","NA","NA","C6","C1","C3","C2","C7","C3","C5","C4","C3"
"523","TCGA-E9-A244","BRCA","YES","Alive","-19778","NA","21",54,"Stage_II","NA","IDC","Basal","NA","NA","NA","C4","C1","C4","C4","C7","C2","C5","C2","C4"
"524","TCGA-E9-A245","BRCA","YES","Dead","-17363","NA","26",47,"Stage_II","NA","Mixed","LumA","NA","NA","NA","C1","C4","C1","C1","C3","C2","C2","C5","C1"
"525","TCGA-E9-A247","BRCA","YES","Alive","-21562","NA","1186",59,"Stage_I","NA","Mixed","LumA","NA","NA","NA","C6","C4","C2","C1","C3","C2","C1","C5","C1"
"526","TCGA-E9-A248","BRCA","YES","Alive","-18684","NA","59",51,"Stage_II","NA","IDC","Her2","NA","NA","NA","C4","C4","C4","C2","C3","C3","C5","C4","C3"
"527","TCGA-E9-A249","BRCA","YES","Alive","-16689","NA","217",45,"Stage_II","NA","IDC","LumB","NA","NA","NA","C1","C4","C1","C1","C3","C2","C1","C5","C1"
"528","TCGA-E9-A24A","BRCA","YES","Alive","-25370","NA","747",69,"Stage_II","NA","IDC","LumA","NA","NA","NA","C1","C7","C1","C1","C3","C3","C1","C5","C1"
"529","TCGA-EW-A1IY","BRCA","YES","Alive","-14122","NA","258",38,"Stage_I","NA","IDC","LumB","NA","NA","NA","C5","C4","C1","C1","C3","NA","NA","C6","NA"
"530","TCGA-EW-A1IZ","BRCA","YES","Alive","-19706","NA","554",53,"Stage_III","NA","NA","LumA","NA","NA","NA","C2","C5","C2","C2","C3","NA","C1","C8","C3"
"531","TCGA-EW-A1OZ","BRCA","YES","Alive","-20664","NA","1229",56,"Stage_II","NA","IDC","LumB","NA","NA","NA","C4","C4","C2","C1","C3","C2","C1","C5","C4"
"532","TCGA-EW-A1P3","BRCA","YES","Alive","-17637","NA","1611",48,"Stage_II","NA","IDC","LumA","NA","NA","NA","C6","C1","C1","C2","C3","C2","C2","C5","C1"
"533","TCGA-EW-A1P5","BRCA","YES","Alive","-28177","NA","703",77,"Stage_II","NA","IDC","LumA","NA","NA","NA","C6","C4","C1","C1","C3","C1","C1","C5","C1"
"534","TCGA-EW-A1P8","BRCA","YES","Dead","-21501","239","NA",58,"Stage_III","NA","IDC","Basal","NA","NA","NA","C4","C4","C4","C4","C5","C2","C5","C4","C3"
"535","TCGA-EW-A1PB","BRCA","YES","Alive","-25770","NA","608",70,"Stage_III","NA","IDC","Basal","NA","NA","NA","C4","C1","C4","C4","C7","C3","C5","C4","C3"
"536","TCGA-EW-A1PC","BRCA","NO","Alive","-24434","NA","187",66,"Stage_II","NA","IDC","LumB","NA","NA","NA","C4","C4","C2","C1","C5","C3","C1","C5","C5"
"537","TCGA-EW-A2FR","BRCA","NO","Alive","-21628","NA","1673",59,"Stage_III","NA","IDC","Her2","NA","NA","NA","C6","C4","C4","C1","C7","C3","C1","C6","C4"
"538","TCGA-EW-A2FS","BRCA","YES","Alive","-15302","NA","1604",41,"Stage_II","NA","IDC","LumA","NA","NA","NA","C6","C4","C2","C2","C3","C1","C1","C6","C3"
"539","TCGA-EW-A3U0","BRCA","NO","Alive","-22520","NA","532",61,"Stage_III","NA","Mixed","Basal","NA","NA","NA","C4","C1","C4","C4","C7","NA","C5","C4","C3"
"540","TCGA-EW-A6S9","BRCA","NO","Alive","-12755","NA","463",34,"Stage_II","NA","NA","LumA","NA","NA","NA","C6","C1","C1","C1","C2","NA","C2","C5","C4"
"541","TCGA-EW-A6SB","BRCA","NO","Alive","-22844","NA","760",62,"Stage_II","NA","NA","Basal","NA","NA","NA","C4","C4","C2","C4","C7","NA","C5","C4","C3"
"542","TCGA-GI-A2C8","BRCA","YES","Alive","-23103","NA","225",63,"Stage_III","NA","IDC","LumA","NA","NA","NA","C4","C1","C2","C1","C2","C3","C2","C6","C4"
"543","TCGA-GI-A2C9","BRCA","NO","Alive","-21534","NA","3342",58,"Stage_II","NA","Other","Basal","NA","NA","NA","C4","C4","C4","C4","C7","C3","C5","C2","C5"
"544","TCGA-GM-A2D9","BRCA","YES","Dead","-25490","1812","NA",69,"Stage_I","NA","IDC","LumA","NA","NA","NA","C6","C9","C2","C2","C2","C3","C1","C8","C2"
"545","TCGA-GM-A2DA","BRCA","YES","Dead","-16854","6593","5909",46,"Stage_II","NA","IDC","LumA","NA","NA","NA","C6","C4","C1","C2","C2","NA","NA","C6","NA"
"546","TCGA-GM-A2DB","BRCA","YES","Alive","-22883","NA","2406",62,"Stage_II","NA","IDC","Her2","NA","NA","NA","C4","C1","C2","C2","C2","C1","C5","C8","C3"
"547","TCGA-GM-A2DC","BRCA","YES","Alive","-21122","NA","2535",57,"Stage_II","NA","IDC","LumA","NA","NA","NA","C4","C1","C1","C1","C2","C2","C1","C8","C5"
"548","TCGA-GM-A2DD","BRCA","YES","Alive","-19415","NA","2282",53,"Stage_I","NA","IDC","Normal","NA","NA","NA","C6","C4","C2","C2","C2","C1","C2","C4","C3"
"549","TCGA-GM-A2DF","BRCA","YES","Alive","-19614","NA","2155",53,"Stage_II","NA","IDC","Basal","NA","NA","NA","C4","C1","C4","C4","C2","C6","C2","C4","C3"
"550","TCGA-GM-A2DH","BRCA","YES","Alive","-21344","NA","2193",58,"Stage_I","NA","IDC","Her2","NA","NA","NA","C6","C1","C1","C2","C2","C1","C1","C4","C3"
"551","TCGA-GM-A2DI","BRCA","YES","Alive","-19030","NA","2590",52,"Stage_I","NA","IDC","LumA","NA","NA","NA","C1","C9","C1","C2","C2","C2","C1","C6","C1"
"552","TCGA-GM-A2DK","BRCA","YES","Alive","-21198","NA","2645",58,"Stage_I","NA","IDC","LumA","NA","NA","NA","C4","C4","C1","C2","C2","C3","C2","C6","C3"
"553","TCGA-GM-A2DL","BRCA","YES","Alive","-18475","NA","3519",50,"Stage_I","NA","IDC","LumA","NA","NA","NA","C3","C1","C2","C1","C2","C1","C2","C5","C3"
"554","TCGA-GM-A2DN","BRCA","YES","Alive","-21288","NA","3091",58,"Stage_II","NA","IDC","LumA","NA","NA","NA","C1","C4","C1","C2","C2","C2","C1","C6","C1"
"555","TCGA-GM-A3XL","BRCA","NO","Alive","-18171","NA","2108",49,"Stage_II","NA","IDC","Basal","NA","NA","NA","C4","C1","C4","C4","C7","NA","C5","C4","C5"
"556","TCGA-LD-A7W5","BRCA","NO","Alive","-19169","NA","216",52,"Stage_III","NA","NA","LumA","NA","NA","NA","C6","C7","C2","C2","C2","NA","C2","C6","C3"
"557","TCGA-LD-A9QF","BRCA","NO","Alive","-26869","NA","323",73,"Stage_I","NA","NA","Normal","NA","NA","NA","NA","C4","C1","C2","C2","NA","C2","C4","C3"
"558","TCGA-LL-A441","BRCA","NO","Alive","-22772","NA","996",62,"Stage_I","NA","IDC","Normal","NA","NA","NA","C4","C4","C4","C4","C7","NA","C5","C4","C3"
"559","TCGA-LL-A442","BRCA","NO","Alive","-20495","NA","889",56,"Stage_II","NA","Other","LumA","NA","NA","NA","NA","NA","C1","C1","C3","NA","C1","C5","C1"
"560","TCGA-LL-A5YN","BRCA","NO","Alive","-16884","NA","447",46,"Stage_II","NA","IDC","LumA","NA","NA","NA","C4","C4","C1","C2","C2","NA","C1","C8","C3"
"561","TCGA-LL-A5YO","BRCA","NO","Alive","-18354","NA","440",50,"Stage_I","NA","IDC","Her2","NA","NA","NA","NA","C1","C4","C2","C7","NA","C5","C4","C3"
"562","TCGA-LL-A5YP","BRCA","NO","Alive","-18041","NA","450",49,"Stage_II","NA","IDC","Basal","NA","NA","NA","C4","C1","C4","C4","C7","NA","C5","C4","C3"
"563","TCGA-LL-A6FQ","BRCA","NO","Alive","-28375","NA","80",77,"Stage_III","NA","NA","LumA","NA","NA","NA","C1","C4","C1","C2","C2","NA","C1","C8","C5"
"564","TCGA-LL-A6FR","BRCA","NO","Alive","-18520","NA","489",50,"Stage_II","NA","NA","Basal","NA","NA","NA","C4","C2","C4","C4","C7","NA","C5","C2","C5"
"565","TCGA-LL-A73Y","BRCA","NO","Alive","-24647","NA","477",67,"Stage_I","NA","NA","Basal","NA","NA","NA","C4","C4","C4","C4","C7","NA","NA","C6","NA"
"566","TCGA-LL-A73Z","BRCA","NO","Dead","-20118","227","137",55,"Stage_IV","NA","NA","Normal","NA","NA","NA","C4","C2","C1","C2","C2","NA","C2","C4","C2"
"567","TCGA-LL-A740","BRCA","NO","Alive","-22416","NA","441",61,"Stage_I","NA","NA","LumA","NA","NA","NA","C5","C7","C2","C2","C2","NA","C2","C5","C1"
"568","TCGA-LL-A7SZ","BRCA","NO","Alive","-18161","NA","594",49,"Stage_II","NA","NA","LumA","NA","NA","NA","C6","C6","C1","C2","C2","NA","C2","C8","C3"
"569","TCGA-LL-A7T0","BRCA","NO","Alive","-25867","NA","376",70,"Stage_II","NA","NA","LumB","NA","NA","NA","C6","C7","C1","C2","C2","NA","NA","C4","NA"
"570","TCGA-LL-A8F5","BRCA","NO","Alive","-22544","NA","596",61,"Stage_II","NA","NA","Basal","NA","NA","NA","C4","C1","C4","C4","C7","NA","C5","C4","C4"
"571","TCGA-OL-A5D6","BRCA","NO","Dead","-26052","1104","385",71,"Stage_II","NA","NA","Normal","NA","NA","NA","C2","C4","NA","C2","C2","NA","NA","C5","NA"
"572","TCGA-OL-A5D7","BRCA","NO","Alive","-25643","NA","1780",70,"Stage_II","NA","NA","Basal","NA","NA","NA","C4","C4","NA","C4","C7","NA","C5","C4","C5"
"573","TCGA-OL-A5D8","BRCA","NO","Alive","-14853","NA","973",40,"Stage_II","NA","NA","LumA","NA","NA","NA","C1","C4","NA","C1","C3","NA","C1","C8","C5"
"574","TCGA-OL-A66I","BRCA","NO","Alive","-13458","NA","714",36,"Stage_II","NA","IDC","Basal","NA","NA","NA","C4","C4","C2","C4","C7","NA","NA","C4","C5"
"575","TCGA-OL-A66L","BRCA","NO","Alive","-26186","NA","1301",71,"Stage_I","NA","NA","LumA","NA","NA","NA","C1","C4","C2","C2","C2","NA","NA","C8","NA"
"576","TCGA-OL-A66O","BRCA","NO","Alive","-14272","NA","528",39,"Stage_II","NA","NA","LumA","NA","NA","NA","C1","C4","C2","C2","C2","NA","C1","C8","C1"
"577","TCGA-OL-A66P","BRCA","NO","Alive","-27489","NA","428",75,"Stage_II","NA","NA","Her2","NA","NA","NA","C6","C2","C2","C2","C7","NA","C1","C8","C3"
"578","TCGA-OL-A6VO","BRCA","NO","Alive","-15780","NA","858",43,"Stage_I","NA","NA","Basal","NA","NA","NA","C6","C1","C4","C4","C7","NA","C5","C2","C4"
"579","TCGA-OL-A6VR","BRCA","NO","Alive","-17702","NA","1220",48,"Stage_I","NA","NA","LumA","NA","NA","NA","C5","C6","C1","C2","C2","NA","NA","C5","NA"
"580","TCGA-PL-A8LX","BRCA","NO","Alive","-12840","NA","5",35,"Stage_IV","NA","NA","LumA","NA","NA","NA","C6","C7","C1","C1","C3","NA","C2","C5","C3"
"581","TCGA-PL-A8LY","BRCA","NO","Alive","-11199","NA","8",30,"Stage_II","NA","NA","Normal","NA","NA","NA","C2","C4","C3","C2","C2","NA","C2","C8","C2"
"582","TCGA-PL-A8LZ","BRCA","NO","Alive","-10869","NA","302",29,"Stage_III","NA","NA","Basal","NA","NA","NA","C4","C2","C4","C4","C5","NA","NA","C4","NA"
"583","TCGA-S3-A6ZF","BRCA","NO","Alive","-23650","NA","572",64,"Stage_II","NA","NA","LumB","NA","NA","NA","C4","C4","C1","C1","C2","NA","NA","C4","NA"
"584","TCGA-S3-A6ZH","BRCA","NO","Alive","-10832","NA","641",29,"Stage_III","NA","NA","LumA","NA","NA","NA","C6","C4","C1","C2","C2","NA","C2","C8","C1"
"585","TCGA-S3-AA0Z","BRCA","NO","Alive","-23314","NA","629",63,"Stage_II","NA","NA","Basal","NA","NA","NA","C6","C1","C4","C4","C7","NA","C5","C4","C4"
"586","TCGA-S3-AA10","BRCA","NO","Alive","-24075","NA","586",65,"Stage_II","NA","NA","Basal","NA","NA","NA","C4","C6","C4","C4","C7","NA","C5","C4","C3"
"587","TCGA-S3-AA11","BRCA","NO","Alive","-24813","NA","421",67,"Stage_II","NA","NA","LumA","NA","NA","NA","C1","C1","C2","C1","C2","NA","C2","C8","C1"
"588","TCGA-S3-AA12","BRCA","NO","Alive","-30101","NA","574",82,"Stage_III","NA","NA","LumA","NA","NA","NA","C5","C4","C1","C1","C3","NA","C2","C5","C1"
"589","TCGA-S3-AA14","BRCA","NO","Alive","-17352","NA","529",47,"Stage_I","NA","NA","LumA","NA","NA","NA","C3","C4","C1","C1","C2","NA","C2","C5","C4"
"590","TCGA-S3-AA15","BRCA","NO","Alive","-18659","NA","525",51,"Stage_II","NA","NA","Basal","NA","NA","NA","NA","C6","C3","C4","C7","NA","C5","C4","C2"
"591","TCGA-S3-AA17","BRCA","NO","Alive","-23642","NA","424",64,"Stage_II","NA","NA","LumB","NA","NA","NA","C4","C2","C2","C2","C2","NA","C2","C4","C1"
"592","TCGA-UL-AAZ6","BRCA","NO","Alive","-26999","NA","518",73,"Stage_II","NA","NA","LumA","NA","NA","NA","C4","C1","C2","C2","C3","NA","C2","C5","C4"
"593","TCGA-UU-A93S","BRCA","NO","Dead","-23278","116","NA",63,"Stage_IV","NA","NA","Her2","NA","NA","NA","C4","C1","C2","C2","C7","NA","C2","C2","C4"
"594","TCGA-V7-A7HQ","BRCA","NO","Alive","-27684","NA","2033",75,"Stage_III","NA","NA","LumA","NA","NA","NA","C5","C7","C1","C2","C2","NA","NA","C8","NA"
"595","TCGA-WT-AB41","BRCA","NO","Alive","NA","NA","1611",55,"Stage_II","NA","NA","LumA","NA","NA","NA","C5","C4","C1","C2","C7","NA","C2","C8","C3"
