patient,Tumor.Type,Included_in_previous_marker_papers,vital_status,days_to_birth,age,days_to_death,days_to_last_followup,age_at_initial_pathologic_diagnosis,pathologic_stage,Tumor_Grade,BRCA_Pathology,BRCA_Subtype_PAM50,MSI_status,HPV_Status,tobacco_smoking_history,CNV Clusters,Mutation Clusters,DNA.Methylation Clusters,mRNA Clusters,miRNA Clusters,lncRNA Clusters,Protein Clusters,PARADIGM Clusters,Pan-Gyn Clusters
TCGA-3C-AALI,BRCA,NO,Alive,-18538.0,50.78904109589041,,4005.0,50,Stage_II,,,Her2,,,,C6,C9,C2,C2,C3,,C2,C4,C4
TCGA-3C-AALJ,BRCA,NO,Alive,-22848.0,62.5972602739726,,1474.0,62,Stage_II,,,LumB,,,,C6,C4,C2,C2,C2,,,C4,
TCGA-3C-AALK,BRCA,NO,Alive,-19074.0,52.25753424657534,,1448.0,52,Stage_I,,,LumA,,,,C1,C5,C2,C2,C2,,C2,C6,C4
TCGA-A1-A0SD,BRCA,YES,Alive,-21793.0,59.706849315068496,,437.0,59,Stage_II,,IDC,LumA,,,,C4,C4,C1,C1,C3,,,C6,
TCGA-A1-A0SF,BRCA,YES,Alive,-19731.0,54.057534246575344,,1463.0,54,Stage_II,,IDC,LumA,,,,C5,C4,C1,C1,C3,C2,C1,C6,C1
TCGA-A1-A0SH,BRCA,YES,Alive,-14595.0,39.986301369863014,,1437.0,39,Stage_II,,Mixed,LumA,,,,C6,C9,C1,C1,C3,C4,C1,C5,C2
TCGA-A1-A0SI,BRCA,YES,Alive,-19250.0,52.73972602739726,,635.0,52,Stage_II,,IDC,LumB,,,,C1,C9,C1,C1,C3,,,C6,
TCGA-A1-A0SJ,BRCA,YES,Alive,-14383.0,39.40547945205479,,416.0,39,Stage_III,,IDC,LumA,,,,C6,C4,C1,C1,C3,C1,C1,C5,C5
TCGA-A1-A0SN,BRCA,YES,Alive,-18401.0,50.413698630136984,,1196.0,50,Stage_II,,IDC,LumB,,,,C6,C4,C2,C1,C3,,,C4,
TCGA-A1-A0SO,BRCA,YES,Alive,-24826.0,68.01643835616439,,852.0,67,Stage_II,,,Basal,,,,C4,C1,C4,C4,C7,C3,C5,C2,C4
TCGA-A1-A0SQ,BRCA,YES,Alive,-16458.0,45.09041095890411,,554.0,45,Stage_II,,IDC,LumA,,,,C1,C4,C1,C1,C3,C1,C1,C5,C1
TCGA-A2-A04R,BRCA,YES,Alive,-13483.0,36.93972602739726,,3709.0,36,Stage_I,,IDC,LumB,,,,C6,C1,C1,C1,C3,,,C5,
TCGA-A2-A04U,BRCA,YES,Alive,-17474.0,47.87397260273973,,2654.0,47,Stage_II,,IDC,Basal,,,,C6,C1,C4,C4,C7,C2,C5,C2,C5
TCGA-A2-A04V,BRCA,YES,Dead,-14250.0,39.04109589041096,1920.0,,39,Stage_II,,IDC,LumA,,,,C5,C4,C1,C1,C3,C2,C1,C5,C5
TCGA-A2-A0CL,BRCA,YES,Alive,-13556.0,37.13972602739726,,3015.0,37,Stage_III,,IDC,Normal,,,,C4,C9,C1,C2,C3,C1,C1,C6,C3
TCGA-A2-A0CM,BRCA,YES,Dead,-14969.0,41.010958904109586,754.0,,40,Stage_II,,IDC,Basal,,,,C4,C9,C2,C4,C7,C3,C5,C4,C3
TCGA-A2-A0CP,BRCA,YES,Alive,-22133.0,60.63835616438356,,2813.0,60,Stage_I,,IDC,LumA,,,,C5,C4,C1,C2,C2,C2,C2,C8,C2
TCGA-A2-A0CQ,BRCA,YES,Alive,-22810.0,62.49315068493151,,2695.0,62,Stage_I,,IDC,LumA,,,,C1,C4,C1,C2,C3,C2,C1,C8,C1
TCGA-A2-A0CS,BRCA,YES,Dead,-26817.0,73.47123287671234,2348.0,2298.0,73,Stage_IV,,IDC,LumA,,,,C1,C3,C1,C1,C3,C2,C1,C5,C1
TCGA-A2-A0CT,BRCA,YES,Alive,-25959.0,71.12054794520547,,2289.0,71,Stage_II,,Mixed,LumA,,,,C6,C1,C2,C1,C3,C2,C1,C5,C5
TCGA-A2-A0CU,BRCA,YES,Dead,-26823.0,73.4876712328767,158.0,,73,Stage_II,,IDC,LumA,,,,C6,C4,C1,C1,C3,C2,C1,C5,C5
TCGA-A2-A0CV,BRCA,YES,Alive,-15289.0,41.88767123287671,,3011.0,41,Stage_II,,IDC,LumA,,,,C5,C4,C1,C2,C3,C2,C1,C6,C1
TCGA-A2-A0CW,BRCA,YES,Alive,-24541.0,67.23561643835616,,3283.0,67,Stage_II,,IDC,LumB,,,,C6,C4,C1,C1,C2,C1,C1,C4,C5
TCGA-A2-A0CX,BRCA,YES,Alive,-19152.0,52.47123287671233,,1728.0,52,Stage_II,,IDC,Her2,,,,C6,C9,C2,C2,,C1,C1,C4,C4
TCGA-A2-A0CY,BRCA,YES,Alive,-23229.0,63.64109589041096,,1673.0,63,Stage_II,,IDC,LumB,,,,,,C1,C8,C7,,C1,,C4
TCGA-A2-A0CZ,BRCA,YES,Alive,-17026.0,46.64657534246575,,1616.0,46,Stage_II,,IDC,Normal,,,,,C7,C1,C2,C2,C2,C2,,C2
TCGA-A2-A0D0,BRCA,YES,Alive,-22115.0,60.58904109589041,,2048.0,60,Stage_II,,IDC,Basal,,,,C4,C4,C4,C4,C7,C2,C5,C4,C4
TCGA-A2-A0D1,BRCA,YES,Alive,-28084.0,76.94246575342466,,1051.0,76,Stage_II,,,Her2,,,,C6,C4,C1,C2,C5,C1,C1,C5,C4
TCGA-A2-A0D2,BRCA,YES,Alive,-16623.0,45.54246575342466,,1027.0,45,Stage_II,,IDC,Basal,,,,C4,C1,C3,C4,C7,C3,C5,C4,C3
TCGA-A2-A0D3,BRCA,YES,Alive,-15524.0,42.53150684931507,,1873.0,42,Stage_I,,IDC,LumA,,,,C1,C4,C1,C1,C3,C2,C1,C5,C1
TCGA-A2-A0D4,BRCA,YES,Alive,-13805.0,37.821917808219176,,767.0,37,Stage_II,,IDC,LumB,,,,C6,C2,C2,C1,C3,C3,C1,C5,C5
TCGA-A2-A0EM,BRCA,YES,Alive,-26845.0,73.54794520547945,,3094.0,73,Stage_I,,Other,LumA,,,,C1,C4,C1,C1,C3,,,C5,
TCGA-A2-A0EO,BRCA,YES,Alive,-19880.0,54.465753424657535,,2442.0,54,Stage_I,,IDC,LumA,,,,C6,C1,C1,C1,C3,C3,C1,C6,C1
TCGA-A2-A0EQ,BRCA,YES,Alive,-23543.0,64.5013698630137,,2426.0,64,Stage_II,,IDC,Her2,,,,C4,C9,C1,C2,C7,C2,C1,C4,C3
TCGA-A2-A0ER,BRCA,YES,Alive,-23021.0,63.07123287671233,,2263.0,63,Stage_I,,Other,LumA,,,,C5,C4,C1,C1,C3,C3,C2,C5,C1
TCGA-A2-A0ET,BRCA,YES,Alive,-21464.0,58.8054794520548,,1066.0,58,Stage_III,,IDC,LumA,,,,C6,C4,C1,C1,C3,,,C5,
TCGA-A2-A0EU,BRCA,YES,Alive,-29144.0,79.84657534246575,,1043.0,79,Stage_I,,IDC,LumA,,,,C6,C7,C1,C1,C3,C2,C2,C5,C1
TCGA-A2-A0EV,BRCA,YES,Alive,-29285.0,80.23287671232876,,968.0,80,Stage_I,,IDC,LumA,,,,C6,C4,C1,C1,C2,C1,C2,C4,C3
TCGA-A2-A0EY,BRCA,YES,Alive,-22872.0,62.66301369863014,,1925.0,62,Stage_II,,IDC,LumB,,,,C4,C9,C1,C1,C7,C1,C1,C4,C3
TCGA-A2-A0ST,BRCA,YES,Alive,-22922.0,62.8,,3017.0,62,Stage_II,,IDC,Basal,,,,,C4,C3,C4,C7,C2,C5,C4,C3
TCGA-A2-A0SU,BRCA,YES,Alive,-24219.0,66.35342465753425,,1662.0,66,Stage_II,,IDC,LumA,,,,C3,C4,C1,C2,C3,C2,C1,C5,C1
TCGA-A2-A0SV,BRCA,YES,Dead,-23126.0,63.35890410958904,825.0,,63,Stage_IV,,IDC,LumB,,,,C6,C4,C1,C1,C3,C2,C1,C4,C1
TCGA-A2-A0SW,BRCA,YES,Dead,-30085.0,82.42465753424658,1365.0,,82,Stage_IV,,IDC,LumB,,,,C6,C2,C2,C2,C3,C1,C1,C4,C3
TCGA-A2-A0SX,BRCA,YES,Alive,-17774.0,48.6958904109589,,1534.0,48,Stage_I,,IDC,Basal,,,,C4,C4,C4,C4,C7,C4,C5,C4,C3
TCGA-A2-A0T0,BRCA,YES,Alive,-21575.0,59.10958904109589,,533.0,59,Stage_II,,IDC,Basal,,,,C4,C1,C4,C4,C7,C2,C5,C2,C4
TCGA-A2-A0T2,BRCA,YES,Dead,-24235.0,66.3972602739726,255.0,,66,Stage_IV,,IDC,Basal,,,,C5,C4,C4,C4,C7,C4,C5,C2,C4
TCGA-A2-A0T3,BRCA,YES,Alive,-13680.0,37.47945205479452,,1516.0,37,Stage_I,,Mixed,LumB,,,,C6,C7,C2,C1,C3,C1,C2,C5,C4
TCGA-A2-A0T5,BRCA,YES,Alive,-14503.0,39.73424657534247,,531.0,39,Stage_II,,IDC,LumA,,,,C5,C3,C1,C1,C3,C2,C1,C5,C1
TCGA-A2-A0T7,BRCA,YES,Alive,-18756.0,51.38630136986301,,631.0,51,Stage_II,,IDC,LumA,,,,C4,C4,C1,C2,C3,C2,C1,C6,C5
TCGA-A2-A0YC,BRCA,YES,Alive,-21685.0,59.41095890410959,,990.0,59,Stage_II,,IDC,LumA,,,,C1,C4,C1,C1,C3,C1,C2,C5,C1
TCGA-A2-A0YE,BRCA,YES,Alive,-17727.0,48.56712328767123,,554.0,48,Stage_II,,IDC,Basal,,,,C4,C4,C4,C4,,C4,C5,C2,C4
TCGA-A2-A0YF,BRCA,YES,Alive,-24660.0,67.56164383561644,,1535.0,67,Stage_I,,IDC,LumA,,,,C1,C4,C1,C1,C3,C2,C2,C5,C1
TCGA-A2-A0YG,BRCA,YES,Alive,-23058.0,63.172602739726024,,666.0,63,Stage_III,,IDC,LumB,,,,C4,C4,C2,C1,C3,C1,C1,C5,C4
TCGA-A2-A0YH,BRCA,YES,Alive,-19596.0,53.68767123287671,,659.0,53,Stage_III,,IDC,LumB,,,,C4,C9,C1,C1,C3,C2,C1,C4,C3
TCGA-A2-A0YJ,BRCA,YES,Alive,-14448.0,39.583561643835615,,566.0,39,Stage_III,,IDC,Basal,,,,C4,C1,C4,C4,,C3,C5,C2,C4
TCGA-A2-A0YM,BRCA,YES,Alive,-24831.0,68.03013698630137,,965.0,67,Stage_II,,IDC,Basal,,,,C4,C1,C2,C4,C7,C3,C5,C4,C4
TCGA-A2-A0YT,BRCA,YES,Dead,-20482.0,56.11506849315069,723.0,,56,Stage_III,,IDC,LumB,,,,C6,C1,C2,C1,C3,C1,C1,C5,C3
TCGA-A2-A1FW,BRCA,YES,Alive,-22779.0,62.40821917808219,,528.0,62,Stage_III,,Other,LumB,,,,C4,C3,C2,C1,C3,C2,C1,C5,C5
TCGA-A2-A1FX,BRCA,YES,Alive,-22344.0,61.21643835616438,,1847.0,61,Stage_III,,Other,LumB,,,,C6,C1,C1,C1,C2,C3,C1,C5,C1
TCGA-A2-A1FZ,BRCA,YES,Alive,-23055.0,63.16438356164384,,683.0,63,Stage_II,,IDC,LumA,,,,C3,C4,C1,C1,C3,C6,C2,C6,C1
TCGA-A2-A1G0,BRCA,YES,Alive,-18002.0,49.320547945205476,,616.0,49,Stage_II,,IDC,LumA,,,,C4,C3,C1,C2,C3,C2,C1,C6,C1
TCGA-A2-A1G1,BRCA,YES,Alive,-31223.0,85.54246575342465,,584.0,85,Stage_II,,IDC,Basal,,,,C4,C4,C4,C2,C7,C1,C2,C4,C3
TCGA-A2-A1G4,BRCA,YES,Alive,-25966.0,71.13972602739726,,595.0,71,Stage_III,,IDC,LumB,,,,C5,C3,C1,C1,C3,C2,C1,C5,C1
TCGA-A2-A1G6,BRCA,YES,Alive,-18514.0,50.723287671232875,,501.0,50,Stage_III,,IDC,Normal,,,,,C4,C3,C2,C3,C2,C2,C6,C2
TCGA-A2-A259,BRCA,YES,Alive,-25666.0,70.31780821917808,,1596.0,70,Stage_I,,IDC,LumA,,,,C5,C4,C1,C1,C2,C2,C2,C6,C3
TCGA-A2-A25B,BRCA,YES,Alive,-14454.0,39.6,,1291.0,39,Stage_II,,IDC,LumB,,,,,C1,C2,C1,C3,C2,C1,C5,C4
TCGA-A2-A25C,BRCA,YES,Alive,-18508.0,50.706849315068496,,523.0,50,Stage_II,,IDC,LumB,,,,C1,C4,C1,C1,C3,C1,C1,C5,C5
TCGA-A2-A25E,BRCA,YES,Alive,-12601.0,34.52328767123288,,3204.0,34,Stage_III,,Mixed,LumB,,,,C6,C1,C1,C1,C3,C3,C1,C5,C5
TCGA-A2-A25F,BRCA,YES,Alive,-24319.0,66.62739726027397,,322.0,66,Stage_II,,Mixed,Basal,,,,,C3,C3,C4,C1,C2,C5,C4,C3
TCGA-A2-A3XS,BRCA,NO,Dead,-23000.0,63.013698630136986,1032.0,,62,Stage_III,,Other,Basal,,,,C4,C4,C4,C4,C7,,,C4,
TCGA-A2-A3XT,BRCA,NO,Alive,-16649.0,45.61369863013699,,2770.0,45,Stage_II,,IDC,Basal,,,,C4,C1,C4,C4,C7,,C5,C4,C5
TCGA-A2-A3XU,BRCA,NO,Dead,-13046.0,35.74246575342466,912.0,,35,Stage_II,,IDC,Basal,,,,C4,C4,C4,C4,C7,,C5,C2,C5
TCGA-A2-A3XV,BRCA,NO,Alive,-16971.0,46.49589041095891,,996.0,46,Stage_II,,IDC,Her2,,,,C3,C4,C2,C2,C3,,C1,C8,C2
TCGA-A2-A3XW,BRCA,NO,Alive,-15670.0,42.93150684931507,,1712.0,42,Stage_II,,IDC,Normal,,,,,C4,C3,C2,C6,,C1,C8,C1
TCGA-A2-A3XX,BRCA,NO,Dead,-17981.0,49.26301369863014,1439.0,1168.0,49,Stage_II,,IDC,Basal,,,,C4,C7,C4,C4,C7,,C2,C4,C5
TCGA-A2-A3XY,BRCA,NO,Dead,-18059.0,49.47671232876712,1093.0,1064.0,49,Stage_II,,IDC,Basal,,,,C4,C4,C4,C4,C7,,,C4,
TCGA-A2-A3XZ,BRCA,NO,Alive,-16978.0,46.515068493150686,,1532.0,46,Stage_I,,IDC,Her2,,,,C6,C7,C1,C2,C7,,C1,C4,C3
TCGA-A2-A3Y0,BRCA,NO,Alive,-21024.0,57.6,,1546.0,57,Stage_II,,IDC,Basal,,,,C4,C1,C4,C4,C7,,,C4,
TCGA-A2-A4S3,BRCA,NO,Alive,-21762.0,59.62191780821918,,666.0,59,Stage_II,,IDC,LumB,,,,C6,C7,C4,C2,C7,,C2,C4,C3
TCGA-A7-A0CD,BRCA,YES,Alive,-24242.0,66.41643835616438,,1165.0,66,Stage_I,,IDC,LumA,,,,C6,C1,C2,C1,C3,C2,C1,C5,C1
TCGA-A7-A0CE,BRCA,YES,Alive,-20863.0,57.15890410958904,,1074.0,57,Stage_II,,IDC,Basal,,,,C6,C4,C4,C4,C7,C2,C5,C2,C4
TCGA-A7-A0CH,BRCA,YES,Alive,-29104.0,79.73698630136987,,1079.0,79,Stage_II,,IDC,LumA,,,,C1,C2,C1,C1,C3,C3,C1,C5,C1
TCGA-A7-A0CJ,BRCA,YES,Alive,-21014.0,57.57260273972603,,931.0,57,Stage_II,,IDC,LumB,,,,C6,C2,C2,C1,C3,C3,C1,C5,C5
TCGA-A7-A0D9,BRCA,YES,Alive,-13836.0,37.90684931506849,,1139.0,37,Stage_II,,IDC,LumA,,,,C5,C4,C1,C1,C3,C2,C2,C5,C5
TCGA-A7-A0DA,BRCA,YES,Alive,-22708.0,62.21369863013699,,1085.0,62,Stage_II,,IDC,Basal,,,,C4,C1,C4,C4,C7,C6,C5,C2,C4
TCGA-A7-A0DB,BRCA,YES,Alive,-20570.0,56.35616438356164,,1007.0,56,Stage_II,,IDC,LumA,,,,C1,C7,C1,C1,C3,C3,C1,C5,C1
TCGA-A7-A0DC,BRCA,YES,Alive,-23294.0,63.81917808219178,,906.0,63,Stage_I,,Other,LumA,,,,,,C1,C1,,,C1,C5,C1
TCGA-A7-A13D,BRCA,YES,Alive,-17070.0,46.76712328767123,,965.0,46,Stage_II,,IDC,Basal,,,,C4,C1,C4,C4,C7,C2,C5,C2,C5
TCGA-A7-A13E,BRCA,YES,Dead,-22690.0,62.16438356164384,614.0,326.0,62,Stage_II,,IDC,Basal,,,,C4,C4,C2,C4,C7,C2,C5,C2,C4
TCGA-A7-A13F,BRCA,YES,Alive,-16363.0,44.83013698630137,,765.0,44,Stage_III,,Mixed,LumB,,,,C4,C4,C2,C1,C3,C2,C1,C5,C5
TCGA-A7-A13G,BRCA,YES,Alive,-28969.0,79.36712328767123,,718.0,79,Stage_II,,IDC,LumA,,,,C1,C2,C1,C1,C3,,,C5,
TCGA-A7-A26H,BRCA,YES,Alive,-26423.0,72.3917808219178,,724.0,72,Stage_II,,Mixed,LumA,,,,C5,C9,C1,C1,C2,C2,C1,C6,C1
TCGA-A7-A26I,BRCA,YES,Alive,-23948.0,65.6109589041096,,661.0,65,Stage_II,,IDC,Basal,,,,C5,C4,C4,C2,C3,C6,C5,C2,C4
TCGA-A7-A26J,BRCA,YES,Alive,-17930.0,49.12328767123287,,627.0,49,Stage_II,,IDC,LumA,,,,C6,C4,C1,C1,C3,,,C5,
TCGA-A7-A2KD,BRCA,NO,Alive,-19563.0,53.5972602739726,,679.0,53,Stage_III,,IDC,LumB,,,,C6,C4,C1,C1,C2,C3,C1,C4,C4
TCGA-A7-A4SD,BRCA,NO,Alive,-19131.0,52.413698630136984,,441.0,52,Stage_II,,IDC,Basal,,,,C4,C4,C4,C4,C7,,C5,C4,C3
TCGA-A7-A4SE,BRCA,NO,Alive,-20080.0,55.013698630136986,,644.0,54,Stage_II,,IDC,Basal,,,,C4,C4,C4,C4,C7,,C5,C1,C5
TCGA-A7-A4SF,BRCA,NO,Alive,-19985.0,54.75342465753425,,545.0,54,Stage_II,,IDC,Her2,,,,C6,C4,C2,C2,C3,,C1,C8,C4
TCGA-A7-A56D,BRCA,NO,Alive,-30783.0,84.33698630136986,,448.0,84,Stage_II,,,LumA,,,,C4,C9,,C2,C2,,,C8,
TCGA-A7-A5ZW,BRCA,NO,Alive,-17529.0,48.02465753424657,,326.0,47,Stage_II,,Other,LumA,,,,C1,C4,C1,C2,C2,,,C6,
TCGA-A7-A6VV,BRCA,NO,Alive,-18695.0,51.21917808219178,,313.0,51,Stage_II,,,Basal,,,,C4,C2,C4,C4,C7,,C2,C4,C4
TCGA-A7-A6VW,BRCA,NO,Alive,-17539.0,48.05205479452055,,285.0,48,Stage_II,,,Basal,,,,C4,C2,C4,C4,C7,,,C2,
TCGA-A7-A6VX,BRCA,NO,Alive,-25066.0,68.67397260273972,,317.0,68,Stage_II,,,LumB,,,,C6,C4,C1,C1,C2,,C2,C5,C5
TCGA-A7-A6VY,BRCA,NO,Alive,-17640.0,48.32876712328767,,266.0,48,Stage_II,,,Basal,,,,C6,C1,C2,C4,C7,,,C4,
TCGA-AC-A23H,BRCA,YES,Dead,-32873.0,90.06301369863014,174.0,81.0,90,Stage_II,,IDC,Her2,,,,C6,C9,C2,C2,C3,,,C5,
TCGA-AC-A5EH,BRCA,NO,Alive,-27964.0,76.61369863013698,,511.0,76,Stage_II,,,Her2,,,,C6,C1,C2,C1,C2,,,C5,
TCGA-AC-A5XU,BRCA,NO,Alive,-27191.0,74.4958904109589,,455.0,74,Stage_II,,,LumA,,,,C6,C4,C2,C1,C3,,C1,C5,C5
TCGA-AC-A62X,BRCA,NO,Alive,-26627.0,72.95068493150686,,417.0,72,Stage_II,,,Basal,,,,C4,C4,C2,C4,C7,,C5,C2,C4
TCGA-AC-A6IW,BRCA,NO,Alive,-26896.0,73.68767123287671,,413.0,73,Stage_II,,,Basal,,,,C4,C1,C4,C4,C7,,C2,C4,C3
TCGA-AC-A6NO,BRCA,NO,Alive,-15996.0,43.824657534246576,,51.0,43,Stage_II,,,LumA,,,,C1,C4,C1,C1,C2,,C2,C8,C1
TCGA-AC-A7VB,BRCA,NO,Alive,-18806.0,51.52328767123288,,250.0,51,Stage_II,,,LumB,,,,C6,C7,C2,C1,C3,,,C5,
TCGA-AC-A8OP,BRCA,NO,Alive,-26550.0,72.73972602739725,,614.0,72,Stage_I,,,LumA,,,,C4,C1,C2,C1,C2,,,C6,
TCGA-AC-A8OQ,BRCA,NO,Alive,-26535.0,72.6986301369863,,34.0,72,Stage_II,,,Basal,,,,C4,C7,C4,C4,C7,,C2,C4,C3
TCGA-AN-A03X,BRCA,YES,Alive,-27163.0,74.41917808219178,,10.0,74,Stage_II,,,LumA,,,,C6,C7,C2,C1,C3,,,C5,
TCGA-AN-A03Y,BRCA,YES,Alive,-24232.0,66.3890410958904,,10.0,66,Stage_II,,,LumB,,,,C6,C7,C2,C1,C3,,,C5,
TCGA-AN-A041,BRCA,YES,Alive,-10812.0,29.621917808219177,,7.0,29,Stage_II,,,LumA,,,,C6,C4,C1,C1,C3,C1,C1,C5,C5
TCGA-AN-A046,BRCA,YES,Alive,-25158.0,68.92602739726027,,10.0,68,Stage_II,,,LumA,,,,C2,C10,C2,C1,C3,,,C6,
TCGA-AN-A049,BRCA,YES,Alive,-22710.0,62.21917808219178,,19.0,62,Stage_II,,,LumA,,,,C6,C1,C1,C1,C3,C2,C1,C5,C4
TCGA-AN-A04A,BRCA,YES,Alive,-13445.0,36.83561643835616,,90.0,36,Stage_III,,,LumA,,,,C6,C1,C1,C1,C3,C2,C1,C5,C5
TCGA-AN-A04C,BRCA,YES,Alive,-18851.0,51.64657534246575,,54.0,51,Stage_II,,,Her2,,,,C4,C4,C1,C2,C7,,,C5,
TCGA-AN-A04D,BRCA,YES,Alive,-21426.0,58.701369863013696,,52.0,58,Stage_II,,IDC,Basal,,,,C4,C1,C4,C4,C7,C3,C5,C2,C5
TCGA-AN-A0AK,BRCA,YES,Alive,-27977.0,76.64931506849315,,224.0,76,Stage_II,,IDC,LumB,,,,C6,C5,C2,C1,C3,C2,C1,C4,C2
TCGA-AN-A0AL,BRCA,YES,Alive,-15286.0,41.87945205479452,,227.0,41,Stage_III,,IDC,Basal,,,,C4,C1,C4,C4,C3,C6,C5,C4,C5
TCGA-AN-A0AM,BRCA,YES,Alive,-20713.0,56.74794520547945,,5.0,56,Stage_II,,IDC,LumB,,,,C4,C4,C2,C2,C7,C1,C1,C4,C3
TCGA-AN-A0AR,BRCA,YES,Alive,-20152.0,55.21095890410959,,10.0,55,Stage_II,,,Basal,,,,C4,C1,C4,C4,C5,,C5,C2,C4
TCGA-AN-A0AS,BRCA,YES,Alive,-25658.0,70.2958904109589,,10.0,70,Stage_III,,IDC,LumA,,,,C6,C4,C1,C1,C3,C3,C1,C5,C5
TCGA-AN-A0AT,BRCA,YES,Alive,-22798.0,62.46027397260274,,10.0,62,Stage_II,,IDC,Basal,,,,C6,C4,C4,C4,C7,C2,C5,C4,C4
TCGA-AN-A0FD,BRCA,YES,Alive,-26007.0,71.25205479452055,,196.0,71,Stage_II,,,LumA,,,,C6,C4,C1,C1,C3,C1,C1,C5,C5
TCGA-AN-A0FF,BRCA,YES,Alive,-11929.0,32.68219178082192,,172.0,32,Stage_I,,IDC,LumB,,,,C1,C4,C2,C1,C3,C3,C1,C6,C1
TCGA-AN-A0FJ,BRCA,YES,Alive,-21910.0,60.02739726027397,,242.0,59,Stage_IV,,IDC,Basal,,,,C4,C1,C4,C4,C6,C3,C5,C2,C5
TCGA-AN-A0FK,BRCA,YES,Alive,-32462.0,88.93698630136986,,213.0,88,Stage_III,,IDC,LumA,,,,C6,C1,C1,C1,C7,C1,C1,C5,C1
TCGA-AN-A0FL,BRCA,YES,Alive,-22805.0,62.47945205479452,,231.0,62,Stage_II,,Other,Basal,,,,C4,C1,C4,C4,C7,C3,C5,C2,C5
TCGA-AN-A0FN,BRCA,YES,Alive,-22629.0,61.9972602739726,,218.0,61,Stage_I,,Mixed,LumA,,,,C1,C1,C1,C2,C3,,,C6,
TCGA-AN-A0FS,BRCA,YES,Alive,-20352.0,55.75890410958904,,210.0,55,Stage_I,,Mixed,LumA,,,,C1,C4,C1,C1,C3,C2,C2,C6,C5
TCGA-AN-A0FT,BRCA,YES,Alive,-23300.0,63.83561643835616,,214.0,63,Stage_II,,Other,LumA,,,,C4,C4,C2,C2,C7,C2,C1,C8,C4
TCGA-AN-A0FV,BRCA,YES,Alive,-21479.0,58.846575342465755,,10.0,58,Stage_II,,IDC,Her2,,,,C3,C9,C4,C2,C3,C1,C1,C5,C4
TCGA-AN-A0FW,BRCA,YES,Alive,-24692.0,67.64931506849315,,11.0,67,Stage_III,,Other,LumA,,,,C6,C1,C2,C1,C3,C1,C1,C5,C5
TCGA-AN-A0FX,BRCA,YES,Alive,-19309.0,52.9013698630137,,10.0,52,Stage_II,,IDC,Basal,,,,C5,C4,C2,C4,C7,C3,C5,C2,C5
TCGA-AN-A0FY,BRCA,YES,Alive,-20347.0,55.74520547945205,,10.0,55,Stage_I,,IDC,LumB,,,,C4,C4,C1,C1,C7,C2,C1,C5,C5
TCGA-AN-A0FZ,BRCA,YES,Alive,-16533.0,45.295890410958904,,10.0,45,Stage_III,,IDC,LumA,,,,C4,C7,C1,C1,C7,C1,C1,C5,C5
TCGA-AN-A0G0,BRCA,YES,Alive,-20504.0,56.175342465753424,,16.0,56,Stage_II,,IDC,Basal,,,,,C4,C4,C4,C7,C2,C5,,C4
TCGA-AN-A0XL,BRCA,YES,Alive,-22341.0,61.20821917808219,,163.0,61,Stage_II,,,LumA,,,,C6,C1,C1,C1,C3,,,C6,
TCGA-AN-A0XN,BRCA,YES,Alive,-25029.0,68.57260273972602,,10.0,68,Stage_III,,,LumA,,,,C6,C1,C2,C1,C3,C2,C2,C6,C5
TCGA-AN-A0XO,BRCA,YES,Alive,-21640.0,59.28767123287671,,375.0,59,Stage_III,,,LumA,,,,C6,C4,C1,C1,C3,C1,C1,C5,C1
TCGA-AN-A0XP,BRCA,YES,Alive,-25305.0,69.32876712328768,,9.0,69,Stage_III,,,LumA,,,,C1,C1,C1,C1,C3,C2,C1,C5,C1
TCGA-AN-A0XR,BRCA,YES,Alive,-20381.0,55.83835616438356,,10.0,55,Stage_III,,,LumB,,,,C1,C4,C2,C1,C3,,,C5,
TCGA-AN-A0XS,BRCA,YES,Alive,-23358.0,63.99452054794521,,10.0,63,Stage_III,,,LumA,,,,C3,C4,C1,C1,C3,C1,C1,C6,C1
TCGA-AN-A0XT,BRCA,YES,Alive,-19794.0,54.23013698630137,,10.0,54,Stage_III,,,LumA,,,,C6,C4,C3,C1,C2,C2,C1,C5,C5
TCGA-AN-A0XU,BRCA,YES,Alive,-20052.0,54.93698630136986,,10.0,54,Stage_II,,IDC,Basal,,,,C4,C1,C4,C4,C7,C3,C5,C4,C4
TCGA-AN-A0XV,BRCA,YES,Alive,-24779.0,67.88767123287671,,162.0,67,Stage_III,,,LumA,,,,C5,C7,C2,C1,C2,,,C6,
TCGA-AN-A0XW,BRCA,YES,Alive,-13208.0,36.18630136986302,,170.0,36,Stage_III,,,LumA,,,,C1,C9,C1,C1,C3,C3,C1,C6,C3
TCGA-AO-A03L,BRCA,YES,Alive,-12443.0,34.09041095890411,,2442.0,34,Stage_III,,,LumA,,,,C6,C1,C2,C2,C3,C1,C1,C5,C4
TCGA-AO-A03M,BRCA,YES,Alive,-10616.0,29.084931506849315,,1866.0,29,Stage_I,,,LumA,,,,C6,C9,C4,C2,C3,C2,C1,C4,C3
TCGA-AO-A03N,BRCA,YES,Alive,-21816.0,59.76986301369863,,2031.0,59,Stage_II,,,LumB,,,,C6,C9,C1,C1,C3,C6,C1,C5,C5
TCGA-AO-A03O,BRCA,YES,Dead,-25362.0,69.48493150684932,2483.0,,69,Stage_II,,,LumB,,,,C6,C1,C2,C2,C3,C3,C1,C4,C5
TCGA-AO-A03P,BRCA,YES,Dead,-19724.0,54.038356164383565,2911.0,2576.0,54,Stage_II,,,LumB,,,,C4,C2,C1,C1,,C3,C1,C5,C5
TCGA-AO-A03R,BRCA,YES,Alive,-20930.0,57.342465753424655,,2091.0,57,Stage_II,,,Normal,,,,C5,C1,C1,C2,C3,,,C8,
TCGA-AO-A03T,BRCA,YES,Alive,-15540.0,42.57534246575342,,1456.0,42,Stage_II,,,Normal,,,,C6,C1,C1,C2,C7,,,C8,
TCGA-AO-A03V,BRCA,YES,Alive,-15284.0,41.87397260273973,,886.0,41,Stage_I,,,LumA,,,,C4,C4,C1,C1,C3,,,C5,
TCGA-AO-A0J2,BRCA,YES,Alive,-15324.0,41.983561643835614,,997.0,41,Stage_I,,,Her2,,,,C6,C1,C4,C2,C3,C1,C5,C4,C4
TCGA-AO-A0J4,BRCA,YES,Alive,-15052.0,41.23835616438356,,1587.0,41,Stage_I,,,Basal,,,,C4,C1,C4,C4,C7,,,C4,
TCGA-AO-A0J6,BRCA,YES,Alive,-22462.0,61.53972602739726,,1140.0,61,Stage_II,,,Basal,,,,C6,C1,C2,C4,C4,C2,C5,C4,C3
TCGA-AO-A0JA,BRCA,YES,Alive,-13307.0,36.45753424657534,,655.0,36,Stage_III,,,LumA,,,,C5,C2,C1,C1,C3,,,C5,
TCGA-AO-A0JB,BRCA,YES,Alive,-18561.0,50.85205479452055,,1542.0,50,Stage_III,,,Normal,,,,C4,C1,C1,C2,C3,,C1,C8,C5
TCGA-AO-A0JC,BRCA,YES,Alive,-23404.0,64.12054794520547,,1547.0,64,Stage_II,,,LumA,,,,,C9,C3,C2,C7,C2,C1,C6,C1
TCGA-AO-A0JD,BRCA,YES,Alive,-21831.0,59.81095890410959,,2190.0,59,Stage_III,,,LumB,,,,C6,C1,C1,C1,C3,C2,C1,C5,C3
TCGA-AO-A0JE,BRCA,YES,Alive,-19516.0,53.46849315068493,,2335.0,53,Stage_III,,,Her2,,,,C6,C9,C2,C2,C3,C1,C1,C6,C3
TCGA-AO-A0JF,BRCA,YES,Alive,-24923.0,68.28219178082192,,1980.0,68,Stage_II,,,LumA,,,,C1,C4,C1,C2,C3,C3,C1,C6,C1
TCGA-AO-A0JI,BRCA,YES,Alive,-20694.0,56.6958904109589,,1528.0,56,Stage_II,,,LumA,,,,C3,C4,C2,C1,C3,C2,C1,C5,C1
TCGA-AO-A0JL,BRCA,YES,Alive,-21895.0,59.986301369863014,,1683.0,59,Stage_III,,,Basal,,,,,,C4,C4,C7,C2,C5,C2,C4
TCGA-AO-A126,BRCA,YES,Alive,-14264.0,39.07945205479452,,3307.0,39,Stage_II,,,LumA,,,,C3,C7,C1,C2,C3,C1,C1,C8,C1
TCGA-AO-A128,BRCA,YES,Alive,-22340.0,61.205479452054796,,3248.0,61,Stage_II,,Other,Basal,,,,C5,C5,C4,C4,C3,C3,C5,C4,C3
TCGA-AO-A129,BRCA,YES,Alive,-10898.0,29.85753424657534,,3286.0,29,Stage_II,,,Basal,,,,C4,C1,C4,C4,C7,C2,C5,C4,C3
TCGA-AO-A12A,BRCA,YES,Alive,-17420.0,47.726027397260275,,2755.0,47,Stage_II,,,LumA,,,,C6,C4,C1,C2,C3,C2,C1,C6,C1
TCGA-AO-A12C,BRCA,YES,Alive,-15469.0,42.38082191780822,,1994.0,42,Stage_II,,,LumA,,,,,,C1,C1,C3,C1,C1,,C5
TCGA-AO-A12D,BRCA,YES,Alive,-15774.0,43.21643835616438,,2515.0,43,Stage_II,,,Her2,,,,C6,C9,C4,C2,C3,C1,C1,C4,C3
TCGA-AO-A12F,BRCA,YES,Alive,-13409.0,36.73698630136986,,1471.0,36,Stage_II,,,Basal,,,,C4,C4,C4,C4,C7,C2,C5,C2,C5
TCGA-AO-A1KP,BRCA,YES,Alive,-28247.0,77.3890410958904,,2513.0,77,Stage_II,,IDC,LumB,,,,C5,C3,C1,C1,C3,C1,C2,C5,C1
TCGA-AO-A1KR,BRCA,YES,Alive,-18900.0,51.78082191780822,,2513.0,51,Stage_II,,IDC,Basal,,,,C4,C4,C2,C4,C7,C2,C5,C2,C4
TCGA-AO-A1KT,BRCA,YES,Alive,-28660.0,78.52054794520548,,541.0,78,Stage_II,,IDC,LumB,,,,C6,C3,C2,C2,C3,C2,C1,C5,C1
TCGA-AQ-A04H,BRCA,YES,Alive,-22539.0,61.75068493150685,,754.0,61,Stage_III,,Mixed,LumB,,,,C6,C4,C2,C1,C3,,,C5,
TCGA-AQ-A04J,BRCA,YES,Alive,-16615.0,45.52054794520548,,819.0,45,Stage_II,,IDC,Basal,,,,C6,C1,C4,C4,C7,,,C4,
TCGA-AQ-A04L,BRCA,YES,Alive,-17759.0,48.654794520547945,,3957.0,48,Stage_II,,IDC,LumA,,,,,,C2,C1,C3,C2,C2,C5,C5
TCGA-AQ-A0Y5,BRCA,YES,Dead,-25793.0,70.66575342465754,172.0,,70,Stage_III,,Mixed,LumA,,,,C4,C4,C2,C1,C2,,,C5,
TCGA-AQ-A1H2,BRCA,YES,Alive,-30958.0,84.81643835616438,,475.0,84,Stage_III,,IDC,LumA,,,,C3,C4,C1,C1,C3,C2,C1,C5,C5
TCGA-AQ-A1H3,BRCA,YES,Alive,-18177.0,49.8,,989.0,49,Stage_III,,IDC,LumA,,,,C5,C4,C1,C1,C3,,,C6,C2
TCGA-AR-A0TP,BRCA,YES,Alive,-15812.0,43.320547945205476,,4275.0,43,Stage_II,,IDC,Basal,,,,C4,C1,C4,C4,C7,C2,C5,C2,C4
TCGA-AR-A0TQ,BRCA,YES,Alive,-9873.0,27.04931506849315,,2991.0,27,Stage_III,,IDC,LumB,,,,C6,C4,C1,C1,C3,C3,C1,C4,C3
TCGA-AR-A0TR,BRCA,YES,Dead,-25190.0,69.01369863013699,160.0,,68,Stage_II,,IDC,LumA,,,,C1,C7,C1,C1,C3,C3,C1,C5,C1
TCGA-AR-A0TS,BRCA,YES,Alive,-17141.0,46.961643835616435,,2558.0,46,Stage_II,,IDC,Basal,,,,,C1,C4,C4,C7,C3,C5,C4,C3
TCGA-AR-A0TW,BRCA,YES,Alive,-18263.0,50.035616438356165,,3009.0,50,Stage_III,,Other,LumA,,,,C4,C7,C2,C1,,C1,C1,C4,C3
TCGA-AR-A0TY,BRCA,YES,Dead,-19836.0,54.345205479452055,1699.0,,54,Stage_II,,IDC,LumB,,,,C6,C1,C2,C1,C3,C1,C1,C5,C5
TCGA-AR-A0TZ,BRCA,YES,Dead,-15720.0,43.06849315068493,3262.0,2316.0,43,,,IDC,LumA,,,,C3,C4,C2,C1,C3,C1,C2,C5,C5
TCGA-AR-A0U2,BRCA,YES,Dead,-17390.0,47.64383561643836,2551.0,,47,Stage_III,,IDC,LumB,,,,C6,C2,C2,C1,C3,C3,C5,C4,C4
TCGA-AR-A0U4,BRCA,YES,Alive,-19729.0,54.05205479452055,,3261.0,54,Stage_II,,,Basal,,,,C4,C1,C2,C4,C7,C5,C5,C4,C4
TCGA-AR-A1AH,BRCA,YES,Alive,-18991.0,52.03013698630137,,3807.0,51,Stage_II,,IDC,Basal,,,,C4,C1,C4,C4,C7,C3,C5,C2,C4
TCGA-AR-A1AJ,BRCA,YES,Alive,-30489.0,83.53150684931506,,3072.0,83,Stage_I,,IDC,Basal,,,,C4,C4,C4,C4,C7,C2,C5,C4,C3
TCGA-AR-A1AO,BRCA,YES,Alive,-17332.0,47.484931506849314,,2618.0,47,Stage_II,,Other,Normal,,,,C3,C1,C3,C2,C3,C1,C5,C6,C3
TCGA-AR-A1AP,BRCA,YES,Alive,-29406.0,80.56438356164384,,2856.0,80,Stage_I,,Other,LumA,,,,C4,C3,C2,C1,C3,C2,C1,C6,C4
TCGA-AR-A1AQ,BRCA,YES,Alive,-18109.0,49.61369863013699,,3021.0,49,Stage_II,,IDC,Basal,,,,C4,C4,C2,C4,C7,C2,C5,C4,C3
TCGA-AR-A1AR,BRCA,YES,Dead,-18482.0,50.635616438356166,524.0,,50,Stage_III,,Mixed,Basal,,,,C4,C1,C2,C4,C7,,,C4,
TCGA-AR-A1AU,BRCA,YES,Alive,-14564.0,39.9013698630137,,2868.0,39,Stage_III,,IDC,LumA,,,,C6,C2,C1,C2,C2,C2,C2,C6,C5
TCGA-AR-A1AW,BRCA,YES,Alive,-23855.0,65.35616438356165,,2632.0,65,Stage_II,,Other,LumB,,,,C4,C4,C2,C2,C7,C3,C1,C6,C3
TCGA-AR-A1AX,BRCA,YES,Alive,-23507.0,64.40273972602739,,2629.0,64,Stage_I,,IDC,LumA,,,,C4,C4,C1,C2,C2,,,C6,C3
TCGA-AR-A1AY,BRCA,YES,Alive,-23927.0,65.55342465753425,,1026.0,65,Stage_I,,IDC,Basal,,,,C4,C3,C2,C4,C7,C3,C5,C2,C4
TCGA-AR-A24L,BRCA,YES,Dead,-9706.0,26.59178082191781,2866.0,2221.0,26,Stage_II,,IDC,LumA,,,,C6,C1,C1,C1,C3,C1,C1,C5,C5
TCGA-AR-A24N,BRCA,YES,Alive,-19989.0,54.76438356164383,,3035.0,54,Stage_I,,IDC,LumB,,,,C1,C1,C2,C1,C3,C2,C1,C5,C1
TCGA-AR-A24P,BRCA,YES,Alive,-17490.0,47.917808219178085,,84.0,47,Stage_I,,IDC,LumA,,,,C1,C4,C1,C1,C3,C2,C1,C6,C1
TCGA-AR-A24R,BRCA,YES,Alive,-16642.0,45.59452054794521,,3430.0,45,Stage_III,,IDC,LumB,,,,C6,C2,C2,C1,C3,C2,C1,C4,C5
TCGA-AR-A24S,BRCA,YES,Alive,-22587.0,61.88219178082192,,2976.0,61,Stage_I,,IDC,LumB,,,,C6,C1,C1,C1,C3,C2,C1,C4,C3
TCGA-AR-A24U,BRCA,YES,Alive,-17523.0,48.00821917808219,,2363.0,47,Stage_II,,,Her2,,,,C4,C4,C1,C2,C3,C1,C1,C4,C3
TCGA-AR-A24V,BRCA,YES,Alive,-19027.0,52.12876712328767,,3203.0,52,Stage_II,,,LumA,,,,C6,C1,C1,C1,C3,C2,C2,C6,C1
TCGA-AR-A250,BRCA,YES,Alive,-21309.0,58.38082191780822,,2707.0,58,Stage_II,,,LumB,,,,C6,C4,C2,C1,C3,C1,C1,C4,C4
TCGA-AR-A251,BRCA,YES,Alive,-18771.0,51.42739726027397,,3030.0,51,Stage_III,,,Basal,,,,C4,C1,C4,C4,C7,C6,C2,C2,C4
TCGA-AR-A252,BRCA,YES,Alive,-18611.0,50.989041095890414,,2838.0,50,Stage_I,,,LumA,,,,C6,C4,C1,C2,C3,C1,C1,C6,C2
TCGA-AR-A254,BRCA,YES,Alive,-18270.0,50.054794520547944,,2605.0,50,Stage_III,,,Her2,,,,C6,C1,C1,C1,C3,C2,C1,C4,C3
TCGA-AR-A255,BRCA,YES,Alive,-22809.0,62.49041095890411,,2161.0,62,Stage_I,,,LumA,,,,C4,C3,C2,C1,C3,,,C6,C3
TCGA-B6-A0I1,BRCA,NO,Dead,-26902.0,73.7041095890411,2361.0,,73,Stage_II,,,Basal,,,,C4,C4,C4,C4,C7,,,C2,
TCGA-B6-A0I2,BRCA,YES,Alive,-16702.0,45.75890410958904,,4361.0,45,Stage_I,,IDC,Basal,,,,C4,C9,C4,C4,C7,C2,C2,C4,C5
TCGA-B6-A0I5,BRCA,YES,Alive,-18038.0,49.41917808219178,,8556.0,49,Stage_II,,IDC,LumA,,,,C5,C4,C1,C2,C3,,,C8,
TCGA-B6-A0I6,BRCA,YES,Dead,-18014.0,49.35342465753425,991.0,,49,Stage_II,,Mixed,Basal,,,,,,C4,C4,C7,C2,C5,,C2
TCGA-B6-A0I8,BRCA,YES,Dead,-17073.0,46.775342465753425,749.0,,46,,,IDC,LumA,,,,,C1,C1,C1,C3,C2,C1,,C5
TCGA-B6-A0I9,BRCA,YES,Dead,-22798.0,62.46027397260274,362.0,,62,Stage_IV,,IDC,Her2,,,,C4,C1,C2,C1,C3,C2,C1,C5,C4
TCGA-B6-A0IB,BRCA,YES,Dead,-23646.0,64.78356164383561,3941.0,,64,Stage_IV,,IDC,LumB,,,,C4,C4,C2,C2,C3,C2,C1,C8,C1
TCGA-B6-A0IG,BRCA,YES,Dead,-18433.0,50.5013698630137,4456.0,,50,Stage_II,,IDC,LumA,,,,C6,C4,C2,C2,C3,C2,C1,C5,C4
TCGA-B6-A0IJ,BRCA,YES,Alive,-15625.0,42.80821917808219,,7106.0,42,Stage_II,,IDC,Basal,,,,C4,C1,C4,C4,C7,C3,C5,C4,C3
TCGA-B6-A0IK,BRCA,YES,Dead,-23150.0,63.42465753424658,571.0,,63,Stage_III,,IDC,Her2,,,,C3,C9,C2,C2,C3,C1,C2,C4,C5
TCGA-B6-A0IO,BRCA,YES,Alive,-24322.0,66.63561643835617,,5042.0,66,Stage_II,,IDC,LumA,,,,C4,C1,C1,C1,C3,C2,C1,C5,C1
TCGA-B6-A0IQ,BRCA,YES,Alive,-14669.0,40.18904109589041,,4285.0,40,Stage_III,,IDC,Basal,,,,C4,C1,C4,C4,C7,C2,C5,C2,C3
TCGA-B6-A0RE,BRCA,YES,Alive,-22449.0,61.50410958904109,,7777.0,61,,,IDC,Basal,,,,C4,C1,C4,C4,C7,,,C2,
TCGA-B6-A0RG,BRCA,YES,Alive,-9840.0,26.958904109589042,,2082.0,26,Stage_II,,IDC,LumA,,,,C6,C1,C1,C1,C3,C1,C1,C5,C5
TCGA-B6-A0RH,BRCA,YES,Dead,-18759.0,51.394520547945206,6456.0,5749.0,51,Stage_II,,IDC,Her2,,,,C3,C4,C1,C2,C3,C1,C5,C4,C4
TCGA-B6-A0RI,BRCA,YES,Alive,-16138.0,44.21369863013699,,7126.0,44,Stage_III,,IDC,LumA,,,,C1,C4,C1,C1,C3,,,C5,
TCGA-B6-A0RL,BRCA,YES,Dead,-22238.0,60.92602739726028,2469.0,,60,Stage_II,,,LumB,,,,C6,C4,C2,C1,C3,C3,C1,C5,C5
TCGA-B6-A0RM,BRCA,YES,Dead,-21047.0,57.66301369863014,2373.0,,57,,,,LumA,,,,C5,C7,C1,C1,C3,C2,C1,C5,C1
TCGA-B6-A0RN,BRCA,YES,Alive,-22077.0,60.484931506849314,,8008.0,60,Stage_I,,Mixed,LumA,,,,C1,C4,C1,C1,C3,C2,C2,C5,C1
TCGA-B6-A0RO,BRCA,YES,Alive,-26269.0,71.96986301369863,,4929.0,71,Stage_III,,IDC,LumA,,,,C1,C4,C1,C1,C3,C3,C1,C5,C1
TCGA-B6-A0RS,BRCA,YES,Dead,-14134.0,38.723287671232875,3063.0,,38,Stage_II,,IDC,Her2,,,,C4,C1,C4,C2,C7,,,C4,
TCGA-B6-A0RT,BRCA,YES,Alive,-14374.0,39.38082191780822,,2721.0,39,Stage_III,,Mixed,Basal,,,,C5,C1,C3,C4,C7,C3,C5,C4,C2
TCGA-B6-A0WS,BRCA,YES,Dead,-21230.0,58.16438356164384,2965.0,,58,,,IDC,LumA,,,,C5,C4,C1,C1,C3,,,C6,
TCGA-B6-A0WT,BRCA,YES,Alive,-22362.0,61.26575342465753,,5739.0,61,Stage_II,,IDC,LumA,,,,C5,C4,C1,C1,C3,,,C5,
TCGA-B6-A0WV,BRCA,YES,Dead,-24803.0,67.95342465753424,2417.0,,67,Stage_II,,IDC,LumB,,,,C6,C4,C1,C1,C3,,,C5,
TCGA-B6-A0WW,BRCA,YES,Dead,-21479.0,58.846575342465755,558.0,,58,,,IDC,LumB,,,,C6,C4,C2,C1,C3,,,C5,
TCGA-B6-A0WY,BRCA,YES,Dead,-14778.0,40.487671232876714,3461.0,,40,Stage_III,,IDC,LumA,,,,C6,C4,C1,C2,C3,,,C6,
TCGA-B6-A0WZ,BRCA,YES,Alive,-18584.0,50.915068493150685,,6292.0,50,Stage_II,,IDC,LumA,,,,C1,C9,C1,C1,C3,,,C8,
TCGA-B6-A0X1,BRCA,YES,Dead,-17624.0,48.28493150684932,7455.0,5677.0,48,,,IDC,Basal,,,,C4,C1,C4,C4,,C6,C5,C4,C4
TCGA-B6-A0X4,BRCA,YES,Dead,-22688.0,62.15890410958904,860.0,,62,Stage_II,,IDC,LumA,,,,,C4,C1,C1,C3,,,C5,
TCGA-B6-A0X5,BRCA,YES,Dead,-22380.0,61.31506849315068,2097.0,,61,Stage_II,,IDC,LumB,,,,C5,C4,C1,C1,C3,,,C5,
TCGA-B6-A0X7,BRCA,YES,Dead,-22723.0,62.25479452054795,1781.0,,62,,,ILC,LumA,,,,C1,C4,C1,C1,C7,,,C5,
TCGA-B6-A1KC,BRCA,YES,Alive,-24791.0,67.92054794520548,,1326.0,67,Stage_II,,IDC,LumB,,,,C4,C3,C1,C1,C2,,,C5,
TCGA-B6-A1KF,BRCA,YES,Alive,-24891.0,68.1945205479452,,3088.0,68,Stage_II,,IDC,Basal,,,,C4,C3,C4,C4,C7,,,C2,
TCGA-B6-A1KI,BRCA,YES,Alive,-23031.0,63.0986301369863,,2236.0,63,Stage_I,,IDC,LumA,,,,C1,C3,C1,C1,C3,,,C5,
TCGA-B6-A1KN,BRCA,YES,Alive,-21183.0,58.035616438356165,,4233.0,57,Stage_III,,IDC,LumB,,,,C6,C4,C2,C1,C3,,,C5,
TCGA-B6-A400,BRCA,NO,Alive,-16022.0,43.895890410958906,,215.0,43,Stage_III,,,Basal,,,,C4,C1,C4,C4,C7,,,C4,
TCGA-B6-A401,BRCA,NO,Alive,-17438.0,47.775342465753425,,2596.0,47,Stage_II,,,LumA,,,,C6,C4,C1,C2,C2,,,C6,
TCGA-B6-A402,BRCA,NO,Alive,-17314.0,47.43561643835616,,2134.0,47,Stage_I,,,Basal,,,,C4,C4,C4,C4,C7,,,C2,
TCGA-B6-A409,BRCA,NO,Dead,-16178.0,44.323287671232876,573.0,,44,Stage_III,,,Basal,,,,C4,C4,C4,C4,C7,,,C2,
TCGA-BH-A0AU,BRCA,YES,Alive,-16688.0,45.72054794520548,,1914.0,45,Stage_II,,IDC,LumB,,,,C6,C4,C1,C1,C3,C2,C1,C4,C5
TCGA-BH-A0AZ,BRCA,YES,Alive,-17465.0,47.84931506849315,,1919.0,47,Stage_III,,IDC,LumA,,,,C3,C1,C1,C1,C3,C2,C1,C6,C1
TCGA-BH-A0B6,BRCA,NO,Alive,-17346.0,47.52328767123288,,2483.0,47,Stage_I,,IDC,LumA,,,,,C9,C1,C2,,,C1,,C1
TCGA-BH-A0B7,BRCA,YES,Alive,-15593.0,42.72054794520548,,2559.0,42,Stage_II,,IDC,Her2,,,,C6,C4,C4,C2,C3,C1,C1,C6,C3
TCGA-BH-A0BF,BRCA,YES,Dead,-20691.0,56.68767123287671,1324.0,782.0,56,Stage_II,,IDC,LumB,,,,C4,C1,C1,C2,C3,C2,C1,C6,C3
TCGA-BH-A0BG,BRCA,YES,Alive,-26988.0,73.93972602739726,,1871.0,73,Stage_I,,IDC,Basal,,,,C6,C4,C4,C4,C7,,,C4,
TCGA-BH-A0BL,BRCA,YES,Alive,-12841.0,35.18082191780822,,2278.0,35,Stage_I,,IDC,Basal,,,,C4,C4,C3,C4,C7,,,C4,
TCGA-BH-A0BO,BRCA,YES,Alive,-19767.0,54.156164383561645,,2197.0,54,Stage_I,,Mixed,LumA,,,,C1,C4,C1,C2,C3,C2,C1,C6,C1
TCGA-BH-A0BP,BRCA,YES,Dead,-27917.0,76.48493150684932,2296.0,1481.0,76,Stage_I,,IDC,LumA,,,,C4,C4,C2,C1,C3,C3,C2,C6,C4
TCGA-BH-A0BQ,BRCA,YES,Alive,-14494.0,39.70958904109589,,2255.0,39,Stage_I,,IDC,LumA,,,,C1,C4,C1,C2,C3,C2,C1,C6,C1
TCGA-BH-A0BR,BRCA,YES,Alive,-21622.0,59.23835616438356,,2330.0,59,Stage_I,,IDC,LumA,,,,C3,C3,C1,C1,C3,C1,C1,C6,C5
TCGA-BH-A0BS,BRCA,YES,Alive,-20374.0,55.81917808219178,,2612.0,55,Stage_III,,IDC,LumA,,,,C1,C4,C1,C1,C3,C3,C1,C5,C1
TCGA-BH-A0BT,BRCA,YES,Alive,-20625.0,56.50684931506849,,2365.0,56,Stage_II,,,LumA,,,,C4,C2,C1,C2,C3,C3,C2,C8,C1
TCGA-BH-A0BW,BRCA,YES,Alive,-25974.0,71.16164383561645,,2371.0,71,Stage_I,,IDC,Basal,,,,C4,C4,C4,C4,C7,C6,C5,C4,C3
TCGA-BH-A0BZ,BRCA,YES,Alive,-21856.0,59.87945205479452,,2255.0,59,Stage_III,,Other,LumB,,,,C6,C1,C2,C2,C3,C2,C1,C4,C2
TCGA-BH-A0C7,BRCA,YES,Alive,-17871.0,48.961643835616435,,2767.0,48,Stage_II,,IDC,LumB,,,,C6,C4,C2,C1,C3,C1,C1,C5,C5
TCGA-BH-A0DE,BRCA,YES,Alive,-22656.0,62.07123287671233,,2372.0,62,Stage_II,,Mixed,LumA,,,,C3,C4,C2,C1,C3,,,C6,
TCGA-BH-A0DG,BRCA,YES,Alive,-11204.0,30.695890410958903,,2041.0,30,Stage_II,,IDC,LumA,,,,C1,C4,C1,C2,C3,C1,C2,C6,C5
TCGA-BH-A0DI,BRCA,YES,Alive,-23327.0,63.90958904109589,,912.0,63,Stage_II,,Mixed,LumA,,,,C4,C9,C2,C1,C3,C1,C2,C6,C3
TCGA-BH-A0DO,BRCA,YES,Alive,-28529.0,78.16164383561645,,1644.0,78,Stage_I,,IDC,LumA,,,,C1,C1,C1,C2,C3,,,C6,
TCGA-BH-A0DX,BRCA,YES,Alive,-22833.0,62.556164383561644,,2156.0,62,Stage_I,,IDC,LumA,,,,C1,C9,C1,C1,C3,,,C6,
TCGA-BH-A0EA,BRCA,YES,Dead,-26548.0,72.73424657534247,991.0,,72,Stage_II,,IDC,LumA,,,,C2,C4,C1,C2,C3,C2,C2,C6,C1
TCGA-BH-A0EI,BRCA,YES,Alive,-18741.0,51.345205479452055,,1926.0,51,Stage_II,,IDC,LumA,,,,C5,C4,C1,C1,C3,C1,C1,C5,C1
TCGA-BH-A0H3,BRCA,YES,Alive,-17152.0,46.99178082191781,,1928.0,46,Stage_I,,IDC,LumA,,,,C1,C4,C1,C1,C3,,,C6,
TCGA-BH-A0H5,BRCA,YES,Alive,-16719.0,45.8054794520548,,1620.0,45,Stage_I,,Mixed,LumA,,,,C2,C9,C1,C2,C7,C1,C1,C6,C1
TCGA-BH-A0HA,BRCA,YES,Alive,-11379.0,31.175342465753424,,1611.0,31,Stage_I,,IDC,LumA,,,,C3,C5,C1,C1,C3,C1,C1,C6,C2
TCGA-BH-A0HY,BRCA,YES,Alive,-22179.0,60.76438356164383,,1545.0,60,Stage_I,,IDC,LumB,,,,C6,C1,C2,C1,C3,C2,C2,C5,C4
TCGA-BH-A0W3,BRCA,YES,Alive,-21369.0,58.54520547945206,,728.0,58,Stage_II,,IDC,LumB,,,,C3,C4,C1,C1,C3,,,C5,
TCGA-BH-A0W4,BRCA,YES,Alive,-16911.0,46.33150684931507,,759.0,46,Stage_II,,Other,LumA,,,,C2,C4,C1,C1,C2,C2,C1,C6,C1
TCGA-BH-A0W5,BRCA,YES,Alive,-28304.0,77.54520547945205,,1288.0,77,Stage_II,,IDC,LumA,,,,C5,C2,C1,C2,C2,C2,C1,C6,C1
TCGA-BH-A0W7,BRCA,YES,Alive,-17996.0,49.3041095890411,,1363.0,49,Stage_I,,IDC,LumA,,,,C6,C9,C1,C2,C3,,,C6,
TCGA-BH-A18F,BRCA,YES,Alive,-18594.0,50.942465753424656,,1001.0,50,Stage_II,,IDC,LumA,,,,C1,C4,C1,C1,C3,C2,C1,C6,C1
TCGA-BH-A18H,BRCA,YES,Alive,-23065.0,63.19178082191781,,652.0,63,Stage_I,,IDC,LumA,,,,C4,C4,C1,C2,C3,C1,C1,C6,C3
TCGA-BH-A18J,BRCA,YES,Dead,-20678.0,56.652054794520545,612.0,,56,Stage_IV,,IDC,LumA,,,,C1,C9,C1,C1,C3,C3,C2,C5,C5
TCGA-BH-A18K,BRCA,YES,Dead,-16824.0,46.09315068493151,2763.0,,46,Stage_I,,,LumA,,,,C6,C9,C1,C1,C3,,,C5,
TCGA-BH-A18L,BRCA,YES,Dead,-18519.0,50.73698630136986,811.0,,50,Stage_III,,Mixed,LumB,,,,C6,C1,C1,C1,C3,C2,C1,C5,C5
TCGA-BH-A18N,BRCA,YES,Dead,-32404.0,88.77808219178083,1148.0,,88,Stage_II,,IDC,LumA,,,,C6,C4,C1,C1,C3,C2,C1,C5,C1
TCGA-BH-A18R,BRCA,YES,Dead,-18524.0,50.75068493150685,1142.0,,50,Stage_II,,IDC,Her2,,,,C6,C1,C2,C1,C3,C1,C1,C4,C4
TCGA-BH-A18T,BRCA,YES,Dead,-25674.0,70.33972602739726,224.0,,70,Stage_II,,IDC,Basal,,,,C4,C1,C4,C4,C7,C2,C5,C2,C4
TCGA-BH-A1EN,BRCA,YES,Dead,-28724.0,78.69589041095891,2127.0,,78,Stage_II,,Other,Her2,,,,C4,C1,C2,C2,C3,C6,C1,C5,C4
TCGA-BH-A1ES,BRCA,YES,Dead,-13138.0,35.99452054794521,3462.0,,35,Stage_II,,IDC,LumA,,,,C5,C4,C1,C1,C3,,C1,C5,C5
TCGA-BH-A1ET,BRCA,YES,Dead,-20425.0,55.95890410958904,2520.0,,55,Stage_I,,IDC,LumA,,,,C2,C1,C1,C1,C3,C3,C1,C5,C1
TCGA-BH-A1EU,BRCA,YES,Dead,-30339.0,83.12054794520547,1286.0,,83,Stage_I,,Mixed,LumA,,,,C6,C4,C1,C2,C3,C6,C1,C6,C3
TCGA-BH-A1EV,BRCA,YES,Dead,-16504.0,45.21643835616438,365.0,,45,Stage_III,,IDC,Her2,,,,C4,C9,C1,C1,C3,C2,C1,C5,C4
TCGA-BH-A1EW,BRCA,YES,Dead,-14090.0,38.602739726027394,1694.0,,38,Stage_II,,IDC,LumA,,,,C4,C4,C1,C1,C2,C2,C2,C4,C3
TCGA-BH-A1EX,BRCA,YES,Dead,-24544.0,67.24383561643836,1508.0,,67,Stage_II,,IDC,LumA,,,,C5,C4,C1,C2,C3,C6,C2,C6,C2
TCGA-BH-A1EY,BRCA,YES,Dead,-28940.0,79.28767123287672,538.0,,79,Stage_II,,IDC,LumA,,,,C6,C4,C2,C1,C3,C3,C2,C6,C3
TCGA-BH-A1F0,BRCA,YES,Dead,-29335.0,80.36986301369863,785.0,,80,Stage_II,,IDC,Basal,,,,C4,C1,C3,C4,C7,C6,C5,C4,C3
TCGA-BH-A1F5,BRCA,YES,Dead,-22842.0,62.58082191780822,2712.0,,62,Stage_II,,IDC,LumA,,,,,C3,C1,C1,C3,C1,C1,,C1
TCGA-BH-A1F6,BRCA,YES,Dead,-18691.0,51.20821917808219,2965.0,,51,,,IDC,Basal,,,,C4,C4,C2,C4,C7,C3,C5,C4,C3
TCGA-BH-A1F8,BRCA,YES,Dead,-32871.0,90.05753424657534,749.0,,90,Stage_III,,IDC,LumB,,,,C6,C9,C1,C1,C3,C1,C1,C5,C1
TCGA-BH-A1FB,BRCA,YES,Dead,-21933.0,60.09041095890411,3669.0,,60,Stage_II,,IDC,LumA,,,,,,C1,C2,C3,C3,C2,C6,C2
TCGA-BH-A1FD,BRCA,YES,Dead,-24940.0,68.32876712328768,1009.0,,68,Stage_I,,,LumB,,,,C5,C4,C2,C1,C3,C2,C1,C5,C5
TCGA-BH-A1FE,BRCA,YES,Dead,-11650.0,31.91780821917808,2273.0,,31,Stage_II,,IDC,LumA,,,,C6,C4,C1,C2,C3,,C2,C6,C5
TCGA-BH-A1FG,BRCA,YES,Dead,-32295.0,88.47945205479452,3736.0,,88,Stage_I,,IDC,LumA,,,,C6,C2,C1,C1,C2,C3,C1,C5,C1
TCGA-BH-A1FH,BRCA,YES,Dead,-17172.0,47.04657534246575,1034.0,,47,Stage_IV,,IDC,LumA,,,,,C3,C1,C2,C3,C1,C2,C6,C5
TCGA-BH-A1FJ,BRCA,YES,Dead,-24262.0,66.47123287671234,1927.0,,66,Stage_III,,Other,LumB,,,,C1,C4,C2,C1,C3,C3,C1,C5,C1
TCGA-BH-A1FL,BRCA,YES,Dead,-25558.0,70.02191780821917,1673.0,,69,Stage_II,,Mixed,LumA,,,,C1,C7,C1,C1,C3,C2,C2,C5,C1
TCGA-BH-A1FM,BRCA,YES,Dead,-16289.0,44.62739726027397,1388.0,,44,Stage_III,,IDC,LumB,,,,C6,C3,C1,C1,C3,C1,C1,C5,C5
TCGA-BH-A1FN,BRCA,YES,Dead,-12525.0,34.31506849315068,2192.0,,34,Stage_II,,IDC,LumB,,,,C4,C1,C4,C1,C3,C2,C1,C4,C1
TCGA-BH-A1FU,BRCA,YES,Dead,-16174.0,44.31232876712329,1688.0,,44,Stage_I,,Other,Normal,,,,C6,C2,C4,C2,C3,,,C6,
TCGA-BH-A201,BRCA,YES,Alive,-23423.0,64.17260273972603,,856.0,64,Stage_I,,IDC,LumA,,,,C5,C4,C1,C2,C3,C2,C1,C6,C1
TCGA-BH-A202,BRCA,YES,Alive,-22052.0,60.416438356164385,,795.0,60,Stage_II,,IDC,LumB,,,,C6,C1,C1,C1,C3,C2,C1,C4,C3
TCGA-BH-A203,BRCA,YES,Dead,-28609.0,78.38082191780822,1174.0,,78,Stage_II,,IDC,Her2,,,,C6,C1,C2,C2,C2,C1,C1,C4,C3
TCGA-BH-A204,BRCA,YES,Dead,-29529.0,80.9013698630137,2534.0,,80,Stage_II,,IDC,LumB,,,,C6,C7,C2,C1,C3,C2,C1,C5,C5
TCGA-BH-A208,BRCA,YES,Dead,-17715.0,48.534246575342465,1759.0,,48,Stage_II,,IDC,Normal,,,,C4,C9,C4,C2,C3,C4,C5,C6,C3
TCGA-BH-A42V,BRCA,NO,Alive,-15158.0,41.52876712328767,,635.0,41,Stage_I,,IDC,LumA,,,,C5,C4,C1,C2,C2,,C1,C6,C1
TCGA-BH-A5IZ,BRCA,NO,Alive,-18927.0,51.85479452054795,,567.0,51,Stage_II,,,Basal,,,,C4,C1,,C4,C7,,,C2,
TCGA-BH-A5J0,BRCA,NO,Alive,-23072.0,63.21095890410959,,715.0,63,Stage_I,,,LumA,,,,C4,C4,,C2,C2,,,C8,
TCGA-BH-A6R8,BRCA,NO,Alive,-16829.0,46.106849315068494,,293.0,46,Stage_II,,,LumA,,,,C1,C2,C1,C2,C2,,C2,C8,C1
TCGA-C8-A12K,BRCA,YES,Alive,-29463.0,80.72054794520548,,0.0,80,Stage_II,,IDC,Basal,,,,C6,C1,C4,C4,C7,C2,C5,C4,C3
TCGA-C8-A12L,BRCA,YES,Alive,-24710.0,67.6986301369863,,363.0,67,Stage_II,,IDC,Her2,,,,C4,C1,C1,C2,C7,C1,C1,C4,C4
TCGA-C8-A12M,BRCA,YES,Alive,-25811.0,70.71506849315068,,358.0,70,Stage_II,,IDC,LumB,,,,C6,C4,C2,C1,C3,C2,C1,C5,C5
TCGA-C8-A12N,BRCA,YES,Alive,-21428.0,58.706849315068496,,358.0,58,Stage_II,,IDC,LumA,,,,C5,C4,C1,C1,C3,,,C5,C1
TCGA-C8-A12O,BRCA,YES,Alive,-18506.0,50.701369863013696,,385.0,50,Stage_II,,IDC,LumA,,,,C6,C4,C1,C1,C3,C2,C1,C4,C5
TCGA-C8-A12P,BRCA,YES,Alive,-20332.0,55.704109589041096,,358.0,55,Stage_II,,IDC,Her2,,,,C4,C9,C2,C2,C3,C1,C5,C4,C4
TCGA-C8-A12Q,BRCA,YES,Dead,-28733.0,78.72054794520548,385.0,2.0,78,Stage_III,,IDC,Her2,,,,C4,C9,C1,C2,C3,C1,C1,C4,C4
TCGA-C8-A12T,BRCA,YES,Alive,,,,0.0,43,Stage_II,,IDC,Her2,,,,C5,C9,C1,C1,C3,C1,C1,C5,C4
TCGA-C8-A12U,BRCA,YES,Alive,-17045.0,46.6986301369863,,385.0,46,Stage_II,,IDC,LumB,,,,C6,C4,C2,C2,C3,C1,C1,C4,C5
TCGA-C8-A12V,BRCA,YES,Alive,-20346.0,55.74246575342466,,385.0,55,Stage_II,,IDC,Basal,,,,,C1,C3,C4,C7,C3,C5,C4,C3
TCGA-C8-A12W,BRCA,YES,Alive,-18140.0,49.6986301369863,,385.0,49,Stage_III,,Other,LumB,,,,C6,C7,C2,C1,C3,C1,C1,C5,C5
TCGA-C8-A12Y,BRCA,YES,Alive,,,,1476.0,44,Stage_II,,IDC,LumA,,,,C1,C7,C1,C2,C3,C1,C1,C8,C5
TCGA-C8-A12Z,BRCA,YES,Alive,-16508.0,45.227397260273975,,382.0,45,Stage_II,,Other,Her2,,,,C6,C4,C2,C1,C3,C1,C1,C5,C4
TCGA-C8-A130,BRCA,YES,Alive,-19117.0,52.37534246575343,,370.0,52,Stage_III,,Mixed,LumB,,,,C6,C1,C1,C2,C3,C3,C1,C5,C5
TCGA-C8-A131,BRCA,YES,Alive,-29966.0,82.0986301369863,,411.0,82,Stage_III,,IDC,Basal,,,,C4,C7,C2,C2,C7,C1,C5,C4,C3
TCGA-C8-A132,BRCA,YES,Alive,-20471.0,56.084931506849315,,383.0,56,Stage_II,,IDC,LumA,,,,C4,C9,C1,C2,C3,C2,C1,C6,C3
TCGA-C8-A134,BRCA,YES,Alive,-19010.0,52.082191780821915,,383.0,52,Stage_II,,IDC,Basal,,,,C6,C1,C6,C4,C7,C6,C5,C4,C4
TCGA-C8-A135,BRCA,YES,Alive,-23667.0,64.84109589041095,,393.0,64,Stage_II,,IDC,Her2,,,,C6,C7,C4,C2,C3,C1,C1,C4,C3
TCGA-C8-A137,BRCA,YES,Alive,-12729.0,34.87397260273973,,379.0,34,Stage_II,,Mixed,Her2,,,,C6,C9,C2,C2,C2,C2,C1,C5,C4
TCGA-C8-A138,BRCA,YES,Alive,-20053.0,54.93972602739726,,380.0,54,Stage_III,,IDC,Her2,,,,C6,C4,C1,C2,C3,C1,C1,C6,C3
TCGA-C8-A1HE,BRCA,YES,Alive,,,,375.0,59,Stage_II,,IDC,LumA,,,,C1,C4,C1,C1,C3,C3,C1,C5,C1
TCGA-C8-A1HF,BRCA,YES,Alive,,,,332.0,48,Stage_II,,IDC,Her2,,,,C6,C4,C1,C2,C3,C2,C1,C4,C4
TCGA-C8-A1HG,BRCA,YES,Alive,,,,345.0,50,Stage_II,,IDC,LumB,,,,C6,C1,C4,C2,C3,C2,C1,C4,C3
TCGA-C8-A1HI,BRCA,YES,Alive,,,,343.0,40,Stage_III,,IDC,LumA,,,,C6,C4,C1,C2,C3,C3,C1,C5,C4
TCGA-C8-A1HJ,BRCA,YES,Alive,-19629.0,53.778082191780825,,5.0,53,Stage_II,,IDC,Basal,,,,C4,C1,C4,C4,C7,C5,C5,C2,C4
TCGA-C8-A1HK,BRCA,YES,Alive,,,,366.0,53,Stage_II,,IDC,Her2,,,,C6,C4,C1,C2,C3,C2,C1,C5,C4
TCGA-C8-A1HM,BRCA,YES,Alive,-27063.0,74.14520547945206,,375.0,74,Stage_II,,IDC,LumB,,,,C4,C9,C2,C2,C3,C2,C1,C4,C3
TCGA-C8-A1HN,BRCA,YES,Alive,-20712.0,56.74520547945205,,394.0,56,Stage_II,,IDC,LumB,,,,C6,C1,C1,C1,C3,C1,C1,C5,C4
TCGA-C8-A1HO,BRCA,YES,Alive,-12715.0,34.83561643835616,,375.0,34,Stage_III,,IDC,LumA,,,,C6,C3,C2,C1,C3,C2,C1,C5,C4
TCGA-C8-A26V,BRCA,YES,Alive,-17468.0,47.85753424657534,,616.0,47,Stage_III,,IDC,LumB,,,,C3,C9,C2,C1,C2,C1,C1,C5,C1
TCGA-C8-A26W,BRCA,YES,Alive,-21391.0,58.605479452054794,,381.0,58,Stage_II,,IDC,LumB,,,,C6,C4,C1,C2,C2,C2,C2,C4,C4
TCGA-C8-A26X,BRCA,YES,Alive,-21463.0,58.8027397260274,,376.0,58,Stage_II,,IDC,Her2,,,,C4,C4,C2,C2,C3,C1,C5,C4,C3
TCGA-C8-A26Y,BRCA,YES,Alive,-32872.0,90.06027397260274,,394.0,90,Stage_II,,IDC,Her2,,,,C6,C9,C2,C2,C7,C1,C5,C4,C3
TCGA-C8-A26Z,BRCA,YES,Alive,,,,470.0,59,Stage_II,,Other,LumA,,,,C6,C1,C1,C1,C2,C1,C1,C5,C5
TCGA-C8-A273,BRCA,YES,Alive,,,,513.0,29,Stage_II,,Other,LumA,,,,C6,C3,C1,C1,C2,C2,C1,C5,C4
TCGA-C8-A274,BRCA,YES,Alive,-23337.0,63.93698630136986,,508.0,63,Stage_II,,Mixed,LumB,,,,C1,C6,C2,C1,C2,C1,C1,C5,C1
TCGA-C8-A275,BRCA,YES,Alive,-20774.0,56.915068493150685,,1.0,56,Stage_II,,IDC,Her2,,,,C6,C9,C2,C2,C2,C1,C1,C4,C3
TCGA-C8-A278,BRCA,YES,Alive,-22598.0,61.912328767123284,,297.0,61,Stage_III,,IDC,Her2,,,,C6,C4,C2,C2,C3,C1,C1,C4,C4
TCGA-C8-A27A,BRCA,YES,Alive,-17779.0,48.70958904109589,,747.0,48,Stage_II,,IDC,LumB,,,,C6,C1,C2,C1,C3,C1,C1,C5,C4
TCGA-C8-A27B,BRCA,YES,Alive,-17763.0,48.66575342465753,,439.0,48,Stage_II,,IDC,Basal,,,,C6,C1,C4,C4,C7,C3,C5,C4,C3
TCGA-D8-A13Y,BRCA,YES,Alive,-19028.0,52.131506849315066,,1728.0,52,Stage_I,,IDC,LumB,,,,C6,C1,C1,C7,C5,C6,C4,C5,C5
TCGA-D8-A13Z,BRCA,YES,Alive,-18942.0,51.895890410958906,,635.0,51,,,IDC,Her2,,,,C4,C1,C2,C2,C3,C6,C5,C4,C3
TCGA-D8-A140,BRCA,YES,Alive,-22900.0,62.73972602739726,,403.0,62,Stage_II,,IDC,LumA,,,,C6,C1,C2,C1,C3,C2,C1,C4,C4
TCGA-D8-A141,BRCA,YES,Alive,-14626.0,40.07123287671233,,626.0,40,,,IDC,LumA,,,,C5,C4,C1,C2,C3,,,C6,
TCGA-D8-A142,BRCA,YES,Alive,-27313.0,74.83013698630137,,425.0,74,Stage_II,,IDC,Basal,,,,,C1,C4,C4,C3,C2,C5,C4,C4
TCGA-D8-A143,BRCA,YES,Alive,-18984.0,52.010958904109586,,431.0,51,Stage_II,,Other,Basal,,,,C4,C1,C2,C2,C5,C4,C5,C4,C3
TCGA-D8-A145,BRCA,YES,Alive,-29280.0,80.21917808219177,,410.0,80,Stage_II,,IDC,LumA,,,,C1,C4,C1,C2,C3,C1,C1,C6,C1
TCGA-D8-A146,BRCA,YES,Alive,-20861.0,57.153424657534245,,643.0,57,Stage_II,,IDC,LumA,,,,,C4,C1,C1,,C6,C1,,C5
TCGA-D8-A147,BRCA,YES,Alive,-16736.0,45.85205479452055,,584.0,45,,,IDC,Basal,,,,C4,C1,C4,C4,C7,C3,C5,C4,C4
TCGA-D8-A1J8,BRCA,YES,Alive,-28444.0,77.92876712328767,,431.0,77,Stage_II,,IDC,LumB,,,,C1,C9,C2,C1,C3,C1,C1,C4,C1
TCGA-D8-A1J9,BRCA,YES,Alive,-17879.0,48.983561643835614,,532.0,48,Stage_I,,IDC,LumB,,,,C3,C9,C2,C2,C3,C1,C1,C5,C4
TCGA-D8-A1JA,BRCA,YES,Alive,-21918.0,60.04931506849315,,502.0,60,,,IDC,Her2,,,,C3,C9,C1,C2,C3,C1,C1,C5,C4
TCGA-D8-A1JB,BRCA,YES,Alive,-19822.0,54.30684931506849,,1688.0,54,Stage_II,,Mixed,LumA,,,,C4,C1,C1,C2,C3,C1,C1,C6,C1
TCGA-D8-A1JC,BRCA,YES,Alive,-21898.0,59.99452054794521,,480.0,59,Stage_III,,IDC,LumB,,,,C6,C9,C1,C1,C3,C6,C1,C4,C5
TCGA-D8-A1JD,BRCA,YES,Alive,-15166.0,41.55068493150685,,552.0,41,Stage_II,,IDC,LumB,,,,C6,C3,C1,C1,C3,C2,C1,C4,C5
TCGA-D8-A1JE,BRCA,YES,Alive,-22683.0,62.14520547945205,,575.0,62,Stage_II,,IDC,LumB,,,,C6,C4,C1,C1,C3,C2,C1,C5,C1
TCGA-D8-A1JF,BRCA,YES,Alive,-29199.0,79.9972602739726,,366.0,79,Stage_III,,IDC,Her2,,,,C5,C4,C2,C2,C3,C1,C1,C5,C3
TCGA-D8-A1JG,BRCA,YES,Alive,-22878.0,62.679452054794524,,1612.0,62,Stage_II,,IDC,Her2,,,,C4,C10,C2,C2,C3,C1,C1,C4,C3
TCGA-D8-A1JH,BRCA,YES,Alive,-20497.0,56.156164383561645,,426.0,56,Stage_I,,IDC,LumA,,,,C3,C4,C1,C1,C3,C1,C1,C6,C1
TCGA-D8-A1JI,BRCA,YES,Alive,-20072.0,54.99178082191781,,577.0,54,Stage_II,,IDC,LumB,,,,C6,C4,C1,C1,C3,C3,C1,C5,C1
TCGA-D8-A1JJ,BRCA,YES,Alive,-19966.0,54.701369863013696,,611.0,54,Stage_II,,Mixed,LumB,,,,C6,C4,C1,C1,C3,C1,C1,C5,C3
TCGA-D8-A1JK,BRCA,YES,Alive,-32872.0,90.06027397260274,,612.0,90,Stage_II,,IDC,Basal,,,,C4,C3,C2,C2,C7,C1,C5,C4,C3
TCGA-D8-A1JL,BRCA,YES,Alive,-26484.0,72.55890410958904,,611.0,72,Stage_II,,IDC,Basal,,,,C4,C1,C4,C4,C7,C6,C5,C4,C3
TCGA-D8-A1JM,BRCA,YES,Alive,-21602.0,59.18356164383562,,590.0,59,Stage_II,,Other,Basal,,,,C6,C1,C4,C4,,C2,C3,C2,C5
TCGA-D8-A1JP,BRCA,YES,Alive,-26862.0,73.59452054794521,,639.0,73,Stage_I,,IDC,LumA,,,,C4,C4,C1,C1,C3,C2,C1,C4,C5
TCGA-D8-A1JU,BRCA,YES,Alive,-18733.0,51.323287671232876,,447.0,51,Stage_I,,Mixed,LumA,,,,C5,C3,C1,C2,C3,C3,C1,C6,C1
TCGA-D8-A1X5,BRCA,YES,Alive,-29734.0,81.46301369863014,,565.0,81,Stage_III,,Mixed,LumB,,,,C6,C2,C2,C1,C3,,,C5,C4
TCGA-D8-A1X6,BRCA,YES,Alive,-29256.0,80.15342465753425,,541.0,80,Stage_III,,Mixed,LumB,,,,C5,C4,C1,C1,C3,C3,C1,C5,C1
TCGA-D8-A1X9,BRCA,YES,Alive,-24417.0,66.8958904109589,,727.0,66,Stage_II,,IDC,LumA,,,,C6,C1,C2,C1,C2,C1,C1,C4,C5
TCGA-D8-A1XA,BRCA,YES,Alive,-23387.0,64.07397260273973,,839.0,64,Stage_I,,Mixed,LumA,,,,C6,C4,C1,C1,C3,C2,C1,C5,C1
TCGA-D8-A1XB,BRCA,YES,Alive,-22976.0,62.94794520547945,,552.0,62,Stage_II,,IDC,LumA,,,,C5,C1,C1,C1,C3,C2,C1,C5,C1
TCGA-D8-A1XD,BRCA,YES,Alive,-13510.0,37.013698630136986,,522.0,36,Stage_III,,IDC,LumA,,,,,,C1,C1,C3,C6,C1,C5,C5
TCGA-D8-A1XF,BRCA,YES,Alive,-16787.0,45.99178082191781,,463.0,45,Stage_II,,IDC,LumB,,,,C4,C7,C2,C1,C3,C2,C1,C5,C4
TCGA-D8-A1XG,BRCA,YES,Alive,-31748.0,86.98082191780821,,448.0,86,Stage_III,,IDC,LumA,,,,C1,C3,C1,C1,C3,C2,C1,C5,C1
TCGA-D8-A1XK,BRCA,YES,Alive,-20092.0,55.04657534246575,,441.0,55,Stage_II,,IDC,Basal,,,,C4,C2,C4,C4,C7,C2,C5,C4,C3
TCGA-D8-A1XL,BRCA,YES,Alive,-12668.0,34.706849315068496,,606.0,34,Stage_II,,IDC,LumB,,,,C4,C4,C1,C2,C2,C2,C1,C4,C3
TCGA-D8-A1XM,BRCA,YES,Alive,-21056.0,57.68767123287671,,538.0,57,Stage_I,,Mixed,LumA,,,,C1,C4,C1,C1,C2,C2,C1,C6,C1
TCGA-D8-A1XQ,BRCA,YES,Alive,-25345.0,69.43835616438356,,499.0,69,Stage_II,,IDC,Basal,,,,C6,C2,C4,C4,C7,C6,C5,C4,C4
TCGA-D8-A1XR,BRCA,YES,Alive,-20488.0,56.131506849315066,,482.0,56,Stage_II,,IDC,LumB,,,,C1,C4,C1,C1,C3,C2,C2,C5,C1
TCGA-D8-A1XT,BRCA,YES,Alive,-22448.0,61.5013698630137,,506.0,61,Stage_II,,IDC,Her2,,,,C4,C4,C2,C2,C3,C1,C1,C4,C3
TCGA-D8-A1XU,BRCA,YES,Alive,-20715.0,56.75342465753425,,395.0,56,Stage_I,,IDC,LumA,,,,C4,C4,C2,C1,C3,C6,C1,C5,C1
TCGA-D8-A1XW,BRCA,YES,Alive,-19478.0,53.364383561643834,,1309.0,53,Stage_II,,IDC,Normal,,,,C4,C1,C3,C4,C7,C6,C5,C4,C3
TCGA-D8-A1XY,BRCA,YES,Alive,-27106.0,74.26301369863013,,503.0,74,Stage_II,,IDC,LumA,,,,C6,C4,C1,C1,C3,C2,C1,C5,C5
TCGA-D8-A1XZ,BRCA,YES,Alive,-29916.0,81.96164383561644,,466.0,81,Stage_III,,IDC,LumB,,,,C6,C7,C1,C1,C3,C2,C1,C4,C5
TCGA-D8-A1Y0,BRCA,YES,Alive,-24083.0,65.98082191780821,,472.0,65,Stage_III,,Mixed,LumA,,,,C6,C1,C1,C1,C3,C2,C1,C6,C3
TCGA-D8-A1Y1,BRCA,YES,Dead,-29474.0,80.75068493150685,302.0,116.0,80,Stage_III,,IDC,LumB,,,,C5,C3,C1,C1,C3,C2,C1,C5,C1
TCGA-D8-A1Y2,BRCA,YES,Alive,-26021.0,71.2904109589041,,433.0,71,Stage_II,,IDC,LumB,,,,C6,C4,C1,C2,C2,C2,C1,C6,C3
TCGA-D8-A1Y3,BRCA,YES,Alive,-22317.0,61.14246575342466,,430.0,61,Stage_III,,IDC,LumB,,,,C6,C4,C2,C2,C7,C2,C1,C4,C5
TCGA-D8-A27F,BRCA,YES,Alive,-14731.0,40.35890410958904,,488.0,40,Stage_II,,IDC,Basal,,,,C6,C4,C4,C4,C7,C4,C5,C2,C4
TCGA-D8-A27H,BRCA,YES,Alive,-26588.0,72.84383561643835,,397.0,72,Stage_II,,IDC,Basal,,,,C4,C1,C4,C4,C2,C6,C5,C2,C4
TCGA-D8-A27K,BRCA,YES,Alive,-17426.0,47.74246575342466,,1461.0,47,Stage_II,,Mixed,LumA,,,,C1,C2,C1,C1,C2,C2,C1,C6,C1
TCGA-D8-A27L,BRCA,YES,Alive,-18025.0,49.38356164383562,,499.0,49,Stage_III,,IDC,LumA,,,,C5,C4,C1,C1,C2,C1,C1,C6,C2
TCGA-D8-A27M,BRCA,YES,Alive,-21910.0,60.02739726027397,,410.0,59,Stage_I,,IDC,Basal,,,,C4,C1,C4,C4,C2,C6,C5,C4,C4
TCGA-D8-A27N,BRCA,YES,Alive,-13243.0,36.28219178082192,,519.0,36,Stage_III,,IDC,LumB,,,,C6,C7,C1,C1,C2,C1,C1,C4,C5
TCGA-D8-A27P,BRCA,YES,Alive,-23576.0,64.59178082191781,,49.0,64,Stage_I,,IDC,LumA,,,,C1,C4,C1,C1,C2,C1,C1,C5,C1
TCGA-D8-A27R,BRCA,YES,Alive,-15122.0,41.43013698630137,,307.0,41,Stage_III,,IDC,LumB,,,,C6,C4,C1,C1,C2,C2,C1,C4,C3
TCGA-E2-A105,BRCA,YES,Alive,-28855.0,79.05479452054794,,1308.0,79,Stage_II,,IDC,LumA,,,,C6,C4,C2,C1,C3,,,C5,
TCGA-E2-A106,BRCA,YES,Alive,-12528.0,34.323287671232876,,2541.0,34,Stage_I,,Other,LumA,,,,,,C1,C1,C3,,,,
TCGA-E2-A108,BRCA,YES,Alive,-23530.0,64.46575342465754,,837.0,64,Stage_III,,Other,Normal,,,,C4,C9,C1,C2,C2,,,C6,C5
TCGA-E2-A109,BRCA,YES,Alive,-23521.0,64.44109589041096,,1417.0,64,Stage_II,,IDC,LumB,,,,C6,C4,C2,C1,C3,C2,C1,C5,C5
TCGA-E2-A10A,BRCA,YES,Alive,-15085.0,41.32876712328767,,1229.0,41,Stage_II,,IDC,LumA,,,,C5,C4,C1,C1,C3,C2,C1,C5,C5
TCGA-E2-A10B,BRCA,YES,Alive,-24577.0,67.33424657534246,,1141.0,67,Stage_II,,IDC,LumA,,,,C1,C4,C1,C1,C3,C6,C1,C4,C1
TCGA-E2-A10C,BRCA,YES,Alive,-19849.0,54.38082191780822,,1220.0,54,Stage_II,,IDC,LumB,,,,C4,C9,C2,C2,C3,C3,C2,C4,C1
TCGA-E2-A10E,BRCA,YES,Alive,-23684.0,64.88767123287671,,865.0,64,Stage_II,,IDC,LumA,,,,,,C1,C1,C3,C3,C1,C5,C1
TCGA-E2-A14N,BRCA,YES,Alive,-13743.0,37.652054794520545,,1434.0,37,Stage_II,,IDC,Basal,,,,C4,C1,C4,C4,C7,C2,C5,C2,C3
TCGA-E2-A14O,BRCA,YES,Alive,-27837.0,76.26575342465753,,1359.0,76,Stage_III,,IDC,LumB,,,,C6,C4,C2,C2,C3,C3,C1,C8,C1
TCGA-E2-A14P,BRCA,YES,Alive,-28923.0,79.24109589041096,,1246.0,79,Stage_III,,IDC,Her2,,,,C4,C4,C1,C2,C7,C2,C1,C4,C3
TCGA-E2-A14Q,BRCA,YES,Alive,-18507.0,50.704109589041096,,1163.0,50,Stage_II,,IDC,LumA,,,,C1,C4,C1,C2,C2,C1,C1,C5,C1
TCGA-E2-A14R,BRCA,YES,Alive,-22686.0,62.153424657534245,,1174.0,62,Stage_II,,IDC,Basal,,,,C4,C4,C4,C4,C7,,,C4,
TCGA-E2-A14S,BRCA,YES,Alive,-23878.0,65.41917808219178,,1009.0,65,Stage_I,,IDC,LumB,,,,C5,C4,C1,C1,C3,C3,C1,C5,C5
TCGA-E2-A14T,BRCA,YES,Alive,-19237.0,52.704109589041096,,2311.0,52,Stage_II,,Other,LumA,,,,C6,C4,C1,C1,C3,C1,C1,C5,C5
TCGA-E2-A14V,BRCA,YES,Alive,-19643.0,53.81643835616438,,1042.0,53,Stage_II,,IDC,Her2,,,,C6,C9,C2,C1,C3,C2,C1,C5,C4
TCGA-E2-A14X,BRCA,YES,Alive,-20105.0,55.082191780821915,,972.0,55,Stage_III,,IDC,Basal,,,,C4,C7,C4,C4,C7,C3,C5,C4,C5
TCGA-E2-A14Y,BRCA,YES,Alive,-13004.0,35.62739726027397,,2109.0,35,Stage_II,,IDC,Basal,,,,C6,C4,C1,C4,C6,C2,C5,C2,C4
TCGA-E2-A14Z,BRCA,YES,Dead,-23682.0,64.88219178082191,563.0,518.0,64,Stage_I,,Mixed,LumA,,,,C4,C4,C1,C2,C2,C2,C1,C6,C3
TCGA-E2-A150,BRCA,YES,Alive,-17580.0,48.16438356164384,,1935.0,48,Stage_II,,Other,Basal,,,,C4,C1,C4,C4,C7,C6,C5,C4,C3
TCGA-E2-A152,BRCA,YES,Alive,-20705.0,56.726027397260275,,2128.0,56,Stage_I,,IDC,Her2,,,,C4,C9,C1,C2,C3,C6,C1,C5,C4
TCGA-E2-A153,BRCA,YES,Alive,-18875.0,51.71232876712329,,707.0,51,Stage_II,,Other,LumA,,,,C4,C4,C1,C1,C3,C2,C1,C6,C1
TCGA-E2-A154,BRCA,YES,Alive,-24999.0,68.4904109589041,,591.0,68,Stage_I,,IDC,LumA,,,,C4,C4,C2,C1,C3,C2,C1,C5,C1
TCGA-E2-A155,BRCA,YES,Alive,-21348.0,58.487671232876714,,640.0,58,Stage_II,,Mixed,LumB,,,,C3,C4,C2,C1,C3,C3,C1,C5,C4
TCGA-E2-A156,BRCA,YES,Alive,-22422.0,61.43013698630137,,726.0,61,Stage_I,,IDC,LumA,,,,C2,C1,C1,C1,C3,C3,C1,C5,C1
TCGA-E2-A158,BRCA,YES,Alive,-15903.0,43.56986301369863,,450.0,43,Stage_II,,IDC,Basal,,,,C4,C1,C4,C4,C7,C2,C5,C2,C4
TCGA-E2-A159,BRCA,YES,Alive,-18621.0,51.016438356164386,,762.0,50,Stage_II,,IDC,Basal,,,,C4,C9,C4,C2,C7,C6,C5,C4,C3
TCGA-E2-A15A,BRCA,YES,Alive,-16750.0,45.89041095890411,,710.0,45,Stage_III,,Other,LumB,,,,C4,C4,C2,C1,C3,C1,C1,C4,C3
TCGA-E2-A15C,BRCA,YES,Alive,-22583.0,61.87123287671233,,694.0,61,Stage_I,,IDC,LumA,,,,C5,C4,C1,C1,C3,C2,C2,C5,C1
TCGA-E2-A15D,BRCA,YES,Alive,-17224.0,47.18904109589041,,526.0,47,Stage_II,,IDC,LumA,,,,C1,C4,C1,C1,C3,C2,C1,C5,C1
TCGA-E2-A15E,BRCA,YES,Alive,-14894.0,40.8054794520548,,630.0,40,Stage_II,,IDC,LumA,,,,C4,C4,C1,C2,C2,C1,C1,C6,C4
TCGA-E2-A15F,BRCA,YES,Alive,-23660.0,64.82191780821918,,658.0,64,Stage_I,,IDC,LumA,,,,C6,C3,C1,C1,C2,,C1,C4,C5
TCGA-E2-A15H,BRCA,YES,Alive,-13985.0,38.31506849315068,,393.0,38,Stage_II,,IDC,LumA,,,,C6,C4,C1,C1,C3,C1,C1,C5,C4
TCGA-E2-A15I,BRCA,YES,Alive,-16163.0,44.28219178082192,,1692.0,44,Stage_II,,Other,LumA,,,,C2,C4,C1,C1,C3,C1,C2,C6,C1
TCGA-E2-A15J,BRCA,YES,Alive,-18771.0,51.42739726027397,,1640.0,51,Stage_I,,,LumA,,,,C1,C7,C1,C1,C3,C2,C1,C5,C1
TCGA-E2-A15K,BRCA,YES,Alive,-21514.0,58.942465753424656,,275.0,58,Stage_II,,IDC,LumB,,,,C1,C4,C1,C1,C3,C2,C1,C4,C5
TCGA-E2-A15O,BRCA,YES,Alive,-32583.0,89.26849315068493,,1545.0,89,Stage_I,,IDC,LumA,,,,C6,C7,C2,C2,C3,C3,C1,C5,C1
TCGA-E2-A15P,BRCA,YES,Alive,-22524.0,61.70958904109589,,595.0,61,Stage_I,,Mixed,LumA,,,,C3,C4,C1,C1,C3,C6,C1,C5,C5
TCGA-E2-A15R,BRCA,YES,Alive,-23570.0,64.57534246575342,,1732.0,64,Stage_II,,Mixed,LumA,,,,C6,C4,C2,C1,C3,C2,C1,C5,C1
TCGA-E2-A15S,BRCA,YES,Alive,-12671.0,34.71506849315068,,428.0,34,Stage_II,,Other,LumB,,,,C6,C1,C2,C1,C3,C2,C1,C5,C4
TCGA-E2-A15T,BRCA,YES,Alive,-24054.0,65.9013698630137,,1563.0,65,Stage_II,,Other,LumB,,,,C6,C4,C1,C1,C3,,C1,C5,C5
TCGA-E2-A1B0,BRCA,YES,Alive,-18346.0,50.26301369863014,,1631.0,50,Stage_III,,IDC,Her2,,,,C4,C4,C4,C2,C3,C1,C2,C4,C3
TCGA-E2-A1B1,BRCA,YES,Alive,-16603.0,45.487671232876714,,2653.0,45,Stage_II,,Other,LumA,,,,C6,C9,C1,C2,C3,C1,C1,C6,C3
TCGA-E2-A1B4,BRCA,YES,Dead,-27241.0,74.63287671232877,1004.0,911.0,74,Stage_III,,IDC,LumA,,,,C3,C1,C1,C2,C3,C1,C1,C8,C1
TCGA-E2-A1B6,BRCA,YES,Alive,-16370.0,44.84931506849315,,867.0,44,Stage_II,,IDC,Basal,,,,,C1,C3,C4,C7,,C5,C4,C3
TCGA-E2-A1BD,BRCA,YES,Alive,-19627.0,53.772602739726025,,1133.0,53,Stage_II,,IDC,LumA,,,,C1,C4,C1,C2,C3,C3,C1,C8,C1
TCGA-E2-A1IE,BRCA,YES,Alive,-22510.0,61.67123287671233,,2362.0,61,Stage_II,,IDC,LumA,,,,C5,C4,C1,C1,C3,,,C5,
TCGA-E2-A1IF,BRCA,YES,Alive,-27341.0,74.9068493150685,,1138.0,74,Stage_I,,IDC,LumA,,,,C1,C4,C1,C2,C3,,,C8,
TCGA-E2-A1IG,BRCA,YES,Alive,-16757.0,45.90958904109589,,2140.0,45,Stage_II,,IDC,LumA,,,,C6,C2,C1,C1,C3,C1,C1,C5,C4
TCGA-E2-A1II,BRCA,YES,Alive,-18788.0,51.47397260273973,,1025.0,51,Stage_I,,IDC,Basal,,,,C4,C4,C4,C4,C7,,,C4,
TCGA-E2-A1IK,BRCA,YES,Alive,-26052.0,71.37534246575342,,1800.0,71,Stage_II,,Other,LumA,,,,C2,C4,C1,C1,C3,,,C5,
TCGA-E2-A1IN,BRCA,YES,Alive,-22199.0,60.81917808219178,,675.0,60,Stage_I,,IDC,LumA,,,,C6,C9,C1,C1,C3,,,C5,
TCGA-E2-A1IO,BRCA,YES,Alive,-13671.0,37.45479452054794,,1855.0,37,Stage_I,,IDC,LumA,,,,C4,C4,C1,C2,C3,,,C6,
TCGA-E2-A1IU,BRCA,YES,Alive,-22279.0,61.038356164383565,,337.0,60,Stage_I,,IDC,LumA,,,,C3,C1,C1,C1,C3,C2,C2,C5,C1
TCGA-E2-A1L6,BRCA,YES,Alive,-16403.0,44.93972602739726,,1648.0,44,Stage_II,,Other,LumA,,,,C5,C4,C1,C2,C3,C2,C1,C6,C1
TCGA-E2-A1L7,BRCA,YES,Alive,-14854.0,40.6958904109589,,1836.0,40,Stage_III,,IDC,LumB,,,,C4,C1,C2,C2,C3,C3,C1,C4,C5
TCGA-E2-A1L9,BRCA,YES,Alive,-14868.0,40.73424657534247,,598.0,40,Stage_II,,IDC,LumA,,,,C1,C4,C1,C1,C3,,,C6,
TCGA-E2-A1LB,BRCA,YES,Alive,-15283.0,41.87123287671233,,2306.0,41,Stage_II,,IDC,Her2,,,,C3,C4,C1,C2,C3,C1,C1,C5,C4
TCGA-E2-A1LE,BRCA,NO,Dead,-26239.0,71.88767123287671,879.0,,71,Stage_III,,IDC,Her2,,,,C3,C4,C2,C2,C2,,C1,C4,C3
TCGA-E2-A1LH,BRCA,YES,Alive,-21628.0,59.25479452054795,,3247.0,59,Stage_I,,IDC,Basal,,,,C4,C1,C4,C4,C7,,,C4,
TCGA-E2-A1LI,BRCA,YES,Alive,-21064.0,57.70958904109589,,3121.0,57,Stage_II,,IDC,Basal,,,,C4,C4,C4,C4,C7,,,C4,
TCGA-E2-A1LK,BRCA,YES,Dead,-30757.0,84.26575342465753,266.0,,84,Stage_III,,IDC,Basal,,,,C6,C7,C2,C4,C7,C2,C5,C2,C5
TCGA-E2-A1LL,BRCA,YES,Alive,-27028.0,74.04931506849314,,1309.0,73,Stage_III,,Other,Basal,,,,C3,C2,C2,C3,C3,C2,C5,C2,C3
TCGA-E2-A56Z,BRCA,NO,Alive,-25282.0,69.26575342465753,,252.0,69,Stage_II,,IDC,LumB,,,,C6,C4,C1,C1,C3,,C1,C8,C5
TCGA-E2-A570,BRCA,NO,Alive,-17456.0,47.824657534246576,,931.0,47,Stage_I,,IDC,LumA,,,,C1,C4,C1,C2,C2,,,C8,
TCGA-E2-A572,BRCA,NO,Alive,-26399.0,72.32602739726028,,1208.0,72,Stage_III,,,LumA,,,,,C2,C1,C2,C2,,C2,,C5
TCGA-E2-A573,BRCA,NO,Alive,-17689.0,48.463013698630135,,1062.0,48,Stage_I,,IDC,Basal,,,,C4,C1,C4,C4,C7,,,C4,
TCGA-E2-A574,BRCA,NO,Alive,-16195.0,44.36986301369863,,1179.0,44,Stage_II,,IDC,Basal,,,,C4,C4,C4,C4,C7,,C5,C2,C4
TCGA-E2-A9RU,BRCA,NO,Alive,-32873.0,90.06301369863014,,538.0,90,Stage_III,,,LumB,,,,C6,C1,C2,C2,C3,,C2,C2,C3
TCGA-E9-A1N6,BRCA,YES,Dead,-19327.0,52.95068493150685,678.0,410.0,52,Stage_II,,IDC,LumB,,,,,,C2,C1,C3,C2,C1,C5,C4
TCGA-E9-A1N8,BRCA,YES,Alive,-17652.0,48.36164383561644,,1039.0,48,Stage_II,,IDC,Basal,,,,C4,C4,C4,C4,C7,C2,C5,C2,C4
TCGA-E9-A1ND,BRCA,YES,Alive,-27400.0,75.06849315068493,,1266.0,75,Stage_II,,IDC,Basal,,,,C6,C7,C2,C4,C7,C6,C5,C4,C3
TCGA-E9-A1NG,BRCA,YES,Dead,-22896.0,62.728767123287675,786.0,656.0,62,Stage_II,,IDC,LumA,,,,C3,C3,C1,C1,C3,C2,C1,C6,C3
TCGA-E9-A1NH,BRCA,YES,Alive,-26221.0,71.83835616438355,,576.0,71,Stage_II,,IDC,LumA,,,,C1,C4,C1,C1,C3,C4,C1,C6,C1
TCGA-E9-A1QZ,BRCA,YES,Alive,-22397.0,61.36164383561644,,755.0,61,Stage_II,,IDC,LumA,,,,C6,C2,C1,C1,C3,C2,C2,C6,C2
TCGA-E9-A1R0,BRCA,YES,Alive,-21394.0,58.61369863013699,,860.0,58,Stage_II,,IDC,LumA,,,,C2,C4,C1,C1,C2,C1,C2,C6,C3
TCGA-E9-A1R2,BRCA,YES,Alive,-18936.0,51.87945205479452,,1063.0,51,Stage_III,,IDC,LumA,,,,C6,C1,C1,C1,C3,C2,C1,C4,C1
TCGA-E9-A1R3,BRCA,YES,Alive,-25693.0,70.3917808219178,,78.0,70,Stage_III,,IDC,LumA,,,,C5,C4,C1,C1,C2,C2,C1,C6,C1
TCGA-E9-A1R4,BRCA,YES,Alive,-24181.0,66.24931506849315,,186.0,66,Stage_I,,Mixed,LumB,,,,C6,C9,C1,C1,C3,C1,C1,C6,C3
TCGA-E9-A1R5,BRCA,YES,Alive,-23116.0,63.33150684931507,,92.0,63,Stage_I,,IDC,LumA,,,,C1,C7,C2,C1,C3,C2,C1,C5,C5
TCGA-E9-A1R6,BRCA,YES,Alive,-23347.0,63.964383561643835,,339.0,63,Stage_II,,IDC,LumA,,,,C6,C1,C2,C1,C3,C2,C2,C5,C4
TCGA-E9-A1R7,BRCA,YES,Alive,-23397.0,64.1013698630137,,1467.0,64,Stage_II,,IDC,LumB,,,,C6,C4,C2,C1,C3,C2,C1,C5,C4
TCGA-E9-A1RA,BRCA,YES,Alive,-17699.0,48.49041095890411,,1369.0,48,Stage_I,,,LumA,,,,C5,C4,C1,C1,C3,,C2,C5,C3
TCGA-E9-A1RB,BRCA,YES,Dead,-14755.0,40.42465753424658,976.0,633.0,40,Stage_II,,Other,LumB,,,,C6,C1,C1,C1,C2,C2,C1,C5,C5
TCGA-E9-A1RD,BRCA,YES,Alive,-24719.0,67.72328767123288,,34.0,67,Stage_II,,IDC,LumA,,,,,C4,C1,C1,C2,C1,C1,C5,C1
TCGA-E9-A1RE,BRCA,YES,Alive,-27392.0,75.04657534246576,,1419.0,74,Stage_III,,IDC,LumB,,,,C6,C3,C2,C1,C3,C2,C1,C5,C5
TCGA-E9-A1RF,BRCA,YES,Alive,-25119.0,68.81917808219178,,200.0,68,Stage_III,,Mixed,LumA,,,,C4,C1,C2,C1,C3,C2,C1,C4,C4
TCGA-E9-A1RG,BRCA,YES,Alive,-22788.0,62.43287671232877,,647.0,62,Stage_III,,,LumB,,,,C4,C4,C1,C2,C3,,C1,C8,C5
TCGA-E9-A1RH,BRCA,YES,Alive,-23224.0,63.62739726027397,,1417.0,63,Stage_II,,IDC,Her2,,,,C4,C1,C2,C2,C3,C1,C2,C4,C3
TCGA-E9-A226,BRCA,YES,Dead,-16511.0,45.23561643835617,1048.0,1038.0,45,Stage_III,,IDC,LumB,,,,C4,C4,C1,C1,C2,C1,C1,C5,C5
TCGA-E9-A227,BRCA,YES,Alive,-15602.0,42.74520547945205,,975.0,42,Stage_II,,IDC,LumA,,,,C1,C4,C1,C1,C3,C1,C1,C6,C3
TCGA-E9-A228,BRCA,YES,Alive,-21294.0,58.33972602739726,,1285.0,58,Stage_II,,Other,LumB,,,,C6,C4,C2,C1,C3,C1,C1,C5,C4
TCGA-E9-A229,BRCA,YES,Alive,-13817.0,37.85479452054795,,1148.0,37,Stage_I,,IDC,LumA,,,,C1,C4,C1,C1,C3,C2,C2,C6,C5
TCGA-E9-A22A,BRCA,YES,Alive,-27288.0,74.76164383561644,,1189.0,74,Stage_II,,IDC,LumB,,,,C5,C3,C1,C1,C2,C1,C1,C4,C3
TCGA-E9-A22D,BRCA,YES,Alive,-14115.0,38.67123287671233,,1248.0,38,Stage_II,,IDC,LumB,,,,C6,C7,C2,C2,C3,C2,C1,C4,C3
TCGA-E9-A22E,BRCA,YES,Alive,-20574.0,56.367123287671234,,1269.0,56,Stage_III,,Mixed,LumB,,,,C4,C1,C1,C1,C3,C1,C1,C6,C5
TCGA-E9-A22G,BRCA,YES,Alive,-17300.0,47.397260273972606,,1239.0,47,Stage_II,,IDC,Basal,,,,C4,C1,C4,C4,C7,C2,C5,C2,C5
TCGA-E9-A22H,BRCA,YES,Alive,-15504.0,42.47671232876712,,1232.0,42,Stage_II,,IDC,LumB,,,,C1,C4,C1,C1,C3,C1,C1,C5,C1
TCGA-E9-A243,BRCA,YES,Alive,-19035.0,52.15068493150685,,612.0,52,Stage_II,,IDC,Basal,,,,C6,C1,C3,C2,C7,C3,C5,C4,C3
TCGA-E9-A244,BRCA,YES,Alive,-19778.0,54.18630136986302,,21.0,54,Stage_II,,IDC,Basal,,,,C4,C1,C4,C4,C7,C2,C5,C2,C4
TCGA-E9-A245,BRCA,YES,Dead,-17363.0,47.56986301369863,,26.0,47,Stage_II,,Mixed,LumA,,,,C1,C4,C1,C1,C3,C2,C2,C5,C1
TCGA-E9-A247,BRCA,YES,Alive,-21562.0,59.07397260273972,,1186.0,59,Stage_I,,Mixed,LumA,,,,C6,C4,C2,C1,C3,C2,C1,C5,C1
TCGA-E9-A248,BRCA,YES,Alive,-18684.0,51.18904109589041,,59.0,51,Stage_II,,IDC,Her2,,,,C4,C4,C4,C2,C3,C3,C5,C4,C3
TCGA-E9-A249,BRCA,YES,Alive,-16689.0,45.723287671232875,,217.0,45,Stage_II,,IDC,LumB,,,,C1,C4,C1,C1,C3,C2,C1,C5,C1
TCGA-E9-A24A,BRCA,YES,Alive,-25370.0,69.5068493150685,,747.0,69,Stage_II,,IDC,LumA,,,,C1,C7,C1,C1,C3,C3,C1,C5,C1
TCGA-EW-A1IY,BRCA,YES,Alive,-14122.0,38.69041095890411,,258.0,38,Stage_I,,IDC,LumB,,,,C5,C4,C1,C1,C3,,,C6,
TCGA-EW-A1IZ,BRCA,YES,Alive,-19706.0,53.989041095890414,,554.0,53,Stage_III,,,LumA,,,,C2,C5,C2,C2,C3,,C1,C8,C3
TCGA-EW-A1OZ,BRCA,YES,Alive,-20664.0,56.61369863013699,,1229.0,56,Stage_II,,IDC,LumB,,,,C4,C4,C2,C1,C3,C2,C1,C5,C4
TCGA-EW-A1P3,BRCA,YES,Alive,-17637.0,48.320547945205476,,1611.0,48,Stage_II,,IDC,LumA,,,,C6,C1,C1,C2,C3,C2,C2,C5,C1
TCGA-EW-A1P5,BRCA,YES,Alive,-28177.0,77.1972602739726,,703.0,77,Stage_II,,IDC,LumA,,,,C6,C4,C1,C1,C3,C1,C1,C5,C1
TCGA-EW-A1P8,BRCA,YES,Dead,-21501.0,58.90684931506849,239.0,,58,Stage_III,,IDC,Basal,,,,C4,C4,C4,C4,C5,C2,C5,C4,C3
TCGA-EW-A1PB,BRCA,YES,Alive,-25770.0,70.6027397260274,,608.0,70,Stage_III,,IDC,Basal,,,,C4,C1,C4,C4,C7,C3,C5,C4,C3
TCGA-EW-A1PC,BRCA,NO,Alive,-24434.0,66.94246575342466,,187.0,66,Stage_II,,IDC,LumB,,,,C4,C4,C2,C1,C5,C3,C1,C5,C5
TCGA-EW-A2FR,BRCA,NO,Alive,-21628.0,59.25479452054795,,1673.0,59,Stage_III,,IDC,Her2,,,,C6,C4,C4,C1,C7,C3,C1,C6,C4
TCGA-EW-A2FS,BRCA,YES,Alive,-15302.0,41.92328767123288,,1604.0,41,Stage_II,,IDC,LumA,,,,C6,C4,C2,C2,C3,C1,C1,C6,C3
TCGA-EW-A3U0,BRCA,NO,Alive,-22520.0,61.6986301369863,,532.0,61,Stage_III,,Mixed,Basal,,,,C4,C1,C4,C4,C7,,C5,C4,C3
TCGA-EW-A6S9,BRCA,NO,Alive,-12755.0,34.945205479452056,,463.0,34,Stage_II,,,LumA,,,,C6,C1,C1,C1,C2,,C2,C5,C4
TCGA-EW-A6SB,BRCA,NO,Alive,-22844.0,62.586301369863016,,760.0,62,Stage_II,,,Basal,,,,C4,C4,C2,C4,C7,,C5,C4,C3
TCGA-GI-A2C8,BRCA,YES,Alive,-23103.0,63.295890410958904,,225.0,63,Stage_III,,IDC,LumA,,,,C4,C1,C2,C1,C2,C3,C2,C6,C4
TCGA-GI-A2C9,BRCA,NO,Alive,-21534.0,58.9972602739726,,3342.0,58,Stage_II,,Other,Basal,,,,C4,C4,C4,C4,C7,C3,C5,C2,C5
TCGA-GM-A2D9,BRCA,YES,Dead,-25490.0,69.83561643835617,1812.0,,69,Stage_I,,IDC,LumA,,,,C6,C9,C2,C2,C2,C3,C1,C8,C2
TCGA-GM-A2DA,BRCA,YES,Dead,-16854.0,46.175342465753424,6593.0,5909.0,46,Stage_II,,IDC,LumA,,,,C6,C4,C1,C2,C2,,,C6,
TCGA-GM-A2DB,BRCA,YES,Alive,-22883.0,62.69315068493151,,2406.0,62,Stage_II,,IDC,Her2,,,,C4,C1,C2,C2,C2,C1,C5,C8,C3
TCGA-GM-A2DC,BRCA,YES,Alive,-21122.0,57.868493150684934,,2535.0,57,Stage_II,,IDC,LumA,,,,C4,C1,C1,C1,C2,C2,C1,C8,C5
TCGA-GM-A2DD,BRCA,YES,Alive,-19415.0,53.19178082191781,,2282.0,53,Stage_I,,IDC,Normal,,,,C6,C4,C2,C2,C2,C1,C2,C4,C3
TCGA-GM-A2DF,BRCA,YES,Alive,-19614.0,53.73698630136986,,2155.0,53,Stage_II,,IDC,Basal,,,,C4,C1,C4,C4,C2,C6,C2,C4,C3
TCGA-GM-A2DH,BRCA,YES,Alive,-21344.0,58.47671232876712,,2193.0,58,Stage_I,,IDC,Her2,,,,C6,C1,C1,C2,C2,C1,C1,C4,C3
TCGA-GM-A2DI,BRCA,YES,Alive,-19030.0,52.136986301369866,,2590.0,52,Stage_I,,IDC,LumA,,,,C1,C9,C1,C2,C2,C2,C1,C6,C1
TCGA-GM-A2DK,BRCA,YES,Alive,-21198.0,58.07671232876712,,2645.0,58,Stage_I,,IDC,LumA,,,,C4,C4,C1,C2,C2,C3,C2,C6,C3
TCGA-GM-A2DL,BRCA,YES,Alive,-18475.0,50.61643835616438,,3519.0,50,Stage_I,,IDC,LumA,,,,C3,C1,C2,C1,C2,C1,C2,C5,C3
TCGA-GM-A2DN,BRCA,YES,Alive,-21288.0,58.323287671232876,,3091.0,58,Stage_II,,IDC,LumA,,,,C1,C4,C1,C2,C2,C2,C1,C6,C1
TCGA-GM-A3XL,BRCA,NO,Alive,-18171.0,49.78356164383562,,2108.0,49,Stage_II,,IDC,Basal,,,,C4,C1,C4,C4,C7,,C5,C4,C5
TCGA-LD-A7W5,BRCA,NO,Alive,-19169.0,52.51780821917808,,216.0,52,Stage_III,,,LumA,,,,C6,C7,C2,C2,C2,,C2,C6,C3
TCGA-LD-A9QF,BRCA,NO,Alive,-26869.0,73.61369863013698,,323.0,73,Stage_I,,,Normal,,,,,C4,C1,C2,C2,,C2,C4,C3
TCGA-LL-A441,BRCA,NO,Alive,-22772.0,62.38904109589041,,996.0,62,Stage_I,,IDC,Normal,,,,C4,C4,C4,C4,C7,,C5,C4,C3
TCGA-LL-A442,BRCA,NO,Alive,-20495.0,56.15068493150685,,889.0,56,Stage_II,,Other,LumA,,,,,,C1,C1,C3,,C1,C5,C1
TCGA-LL-A5YN,BRCA,NO,Alive,-16884.0,46.25753424657534,,447.0,46,Stage_II,,IDC,LumA,,,,C4,C4,C1,C2,C2,,C1,C8,C3
TCGA-LL-A5YO,BRCA,NO,Alive,-18354.0,50.28493150684932,,440.0,50,Stage_I,,IDC,Her2,,,,,C1,C4,C2,C7,,C5,C4,C3
TCGA-LL-A5YP,BRCA,NO,Alive,-18041.0,49.42739726027397,,450.0,49,Stage_II,,IDC,Basal,,,,C4,C1,C4,C4,C7,,C5,C4,C3
TCGA-LL-A6FQ,BRCA,NO,Alive,-28375.0,77.73972602739725,,80.0,77,Stage_III,,,LumA,,,,C1,C4,C1,C2,C2,,C1,C8,C5
TCGA-LL-A6FR,BRCA,NO,Alive,-18520.0,50.73972602739726,,489.0,50,Stage_II,,,Basal,,,,C4,C2,C4,C4,C7,,C5,C2,C5
TCGA-LL-A73Y,BRCA,NO,Alive,-24647.0,67.52602739726028,,477.0,67,Stage_I,,,Basal,,,,C4,C4,C4,C4,C7,,,C6,
TCGA-LL-A73Z,BRCA,NO,Dead,-20118.0,55.11780821917808,227.0,137.0,55,Stage_IV,,,Normal,,,,C4,C2,C1,C2,C2,,C2,C4,C2
TCGA-LL-A740,BRCA,NO,Alive,-22416.0,61.413698630136984,,441.0,61,Stage_I,,,LumA,,,,C5,C7,C2,C2,C2,,C2,C5,C1
TCGA-LL-A7SZ,BRCA,NO,Alive,-18161.0,49.75616438356165,,594.0,49,Stage_II,,,LumA,,,,C6,C6,C1,C2,C2,,C2,C8,C3
TCGA-LL-A7T0,BRCA,NO,Alive,-25867.0,70.86849315068493,,376.0,70,Stage_II,,,LumB,,,,C6,C7,C1,C2,C2,,,C4,
TCGA-LL-A8F5,BRCA,NO,Alive,-22544.0,61.76438356164383,,596.0,61,Stage_II,,,Basal,,,,C4,C1,C4,C4,C7,,C5,C4,C4
TCGA-OL-A5D6,BRCA,NO,Dead,-26052.0,71.37534246575342,1104.0,385.0,71,Stage_II,,,Normal,,,,C2,C4,,C2,C2,,,C5,
TCGA-OL-A5D7,BRCA,NO,Alive,-25643.0,70.25479452054795,,1780.0,70,Stage_II,,,Basal,,,,C4,C4,,C4,C7,,C5,C4,C5
TCGA-OL-A5D8,BRCA,NO,Alive,-14853.0,40.69315068493151,,973.0,40,Stage_II,,,LumA,,,,C1,C4,,C1,C3,,C1,C8,C5
TCGA-OL-A66I,BRCA,NO,Alive,-13458.0,36.87123287671233,,714.0,36,Stage_II,,IDC,Basal,,,,C4,C4,C2,C4,C7,,,C4,C5
TCGA-OL-A66L,BRCA,NO,Alive,-26186.0,71.74246575342465,,1301.0,71,Stage_I,,,LumA,,,,C1,C4,C2,C2,C2,,,C8,
TCGA-OL-A66O,BRCA,NO,Alive,-14272.0,39.1013698630137,,528.0,39,Stage_II,,,LumA,,,,C1,C4,C2,C2,C2,,C1,C8,C1
TCGA-OL-A66P,BRCA,NO,Alive,-27489.0,75.31232876712329,,428.0,75,Stage_II,,,Her2,,,,C6,C2,C2,C2,C7,,C1,C8,C3
TCGA-OL-A6VO,BRCA,NO,Alive,-15780.0,43.23287671232877,,858.0,43,Stage_I,,,Basal,,,,C6,C1,C4,C4,C7,,C5,C2,C4
TCGA-OL-A6VR,BRCA,NO,Alive,-17702.0,48.4986301369863,,1220.0,48,Stage_I,,,LumA,,,,C5,C6,C1,C2,C2,,,C5,
TCGA-PL-A8LX,BRCA,NO,Alive,-12840.0,35.178082191780824,,5.0,35,Stage_IV,,,LumA,,,,C6,C7,C1,C1,C3,,C2,C5,C3
TCGA-PL-A8LY,BRCA,NO,Alive,-11199.0,30.682191780821917,,8.0,30,Stage_II,,,Normal,,,,C2,C4,C3,C2,C2,,C2,C8,C2
TCGA-PL-A8LZ,BRCA,NO,Alive,-10869.0,29.778082191780822,,302.0,29,Stage_III,,,Basal,,,,C4,C2,C4,C4,C5,,,C4,
TCGA-S3-A6ZF,BRCA,NO,Alive,-23650.0,64.79452054794521,,572.0,64,Stage_II,,,LumB,,,,C4,C4,C1,C1,C2,,,C4,
TCGA-S3-A6ZH,BRCA,NO,Alive,-10832.0,29.676712328767124,,641.0,29,Stage_III,,,LumA,,,,C6,C4,C1,C2,C2,,C2,C8,C1
TCGA-S3-AA0Z,BRCA,NO,Alive,-23314.0,63.87397260273973,,629.0,63,Stage_II,,,Basal,,,,C6,C1,C4,C4,C7,,C5,C4,C4
TCGA-S3-AA10,BRCA,NO,Alive,-24075.0,65.95890410958904,,586.0,65,Stage_II,,,Basal,,,,C4,C6,C4,C4,C7,,C5,C4,C3
TCGA-S3-AA11,BRCA,NO,Alive,-24813.0,67.98082191780821,,421.0,67,Stage_II,,,LumA,,,,C1,C1,C2,C1,C2,,C2,C8,C1
TCGA-S3-AA12,BRCA,NO,Alive,-30101.0,82.46849315068494,,574.0,82,Stage_III,,,LumA,,,,C5,C4,C1,C1,C3,,C2,C5,C1
TCGA-S3-AA14,BRCA,NO,Alive,-17352.0,47.53972602739726,,529.0,47,Stage_I,,,LumA,,,,C3,C4,C1,C1,C2,,C2,C5,C4
TCGA-S3-AA15,BRCA,NO,Alive,-18659.0,51.12054794520548,,525.0,51,Stage_II,,,Basal,,,,,C6,C3,C4,C7,,C5,C4,C2
TCGA-S3-AA17,BRCA,NO,Alive,-23642.0,64.77260273972603,,424.0,64,Stage_II,,,LumB,,,,C4,C2,C2,C2,C2,,C2,C4,C1
TCGA-UL-AAZ6,BRCA,NO,Alive,-26999.0,73.96986301369863,,518.0,73,Stage_II,,,LumA,,,,C4,C1,C2,C2,C3,,C2,C5,C4
TCGA-UU-A93S,BRCA,NO,Dead,-23278.0,63.775342465753425,116.0,,63,Stage_IV,,,Her2,,,,C4,C1,C2,C2,C7,,C2,C2,C4
TCGA-V7-A7HQ,BRCA,NO,Alive,-27684.0,75.84657534246575,,2033.0,75,Stage_III,,,LumA,,,,C5,C7,C1,C2,C2,,,C8,
TCGA-WT-AB41,BRCA,NO,Alive,,,,1611.0,55,Stage_II,,,LumA,,,,C5,C4,C1,C2,C7,,C2,C8,C3
